site_no,year_nu,month_nu,mean_va
12150800,1963,2,14910.0
12150800,1963,3,6705.0
12150800,1963,4,9368.0
12150800,1963,5,9547.0
12150800,1963,6,7498.0
12150800,1963,7,4455.0
12150800,1963,8,2361.0
12150800,1963,9,2529.0
12150800,1963,10,5042.0
12150800,1963,11,12450.0
12150800,1963,12,10490.0
12150800,1964,1,14110.0
12150800,1964,2,7768.0
12150800,1964,3,8148.0
12150800,1964,4,10420.0
12150800,1964,5,14940.0
12150800,1964,6,23530.0
12150800,1964,7,15290.0
12150800,1964,8,7885.0
12150800,1964,9,6348.0
12150800,1964,10,7553.0
12150800,1964,11,9118.0
12150800,1964,12,15220.0
12150800,1965,1,14880.0
12150800,1965,2,17610.0
12150800,1965,3,7175.0
12150800,1965,4,11090.0
12150800,1965,5,12080.0
12150800,1965,6,10790.0
12150800,1965,7,5530.0
12150800,1965,8,3037.0
12150800,1965,9,3358.0
12150800,1965,10,4912.0
12150800,1965,11,8872.0
12150800,1965,12,8026.0
12150800,1966,1,10510.0
12150800,1966,2,6030.0
12150800,1966,3,8655.0
12150800,1966,4,12340.0
12150800,1966,5,14620.0
12150800,1966,6,12240.0
12150800,1966,7,7765.0
12150800,1966,8,2827.0
12150800,1966,9,1898.0
12150800,1966,10,5890.0
12150800,1966,11,8862.0
12150800,1966,12,19580.0
12150800,1967,1,19990.0
12150800,1967,2,12480.0
12150800,1967,3,7974.0
12150800,1967,4,5430.0
12150800,1967,5,13360.0
12150800,1967,6,17090.0
12150800,1967,7,6936.0
12150800,1967,8,2074.0
12150800,1967,9,1559.0
12150800,1967,10,12380.0
12150800,1967,11,9760.0
12150800,1967,12,17960.0
12150800,1968,1,16710.0
12150800,1968,2,16890.0
12150800,1968,3,9527.0
12150800,1968,4,9114.0
12150800,1968,5,12390.0
12150800,1968,6,13500.0
12150800,1968,7,5158.0
12150800,1968,8,3567.0
12150800,1968,9,7572.0
12150800,1968,10,9441.0
12150800,1968,11,13810.0
12150800,1968,12,12760.0
12150800,1969,1,14120.0
12150800,1969,2,5304.0
12150800,1969,3,6738.0
12150800,1969,4,11390.0
12150800,1969,5,18650.0
12150800,1969,6,15530.0
12150800,1969,7,5265.0
12150800,1969,8,2296.0
12150800,1969,9,4646.0
12150800,1969,10,7715.0
12150800,1969,11,6588.0
12150800,1969,12,8899.0
12150800,1970,1,12420.0
12150800,1970,2,9992.0
12150800,1970,3,7554.0
12150800,1970,4,10060.0
12150800,1970,5,10910.0
12150800,1970,6,12660.0
12150800,1970,7,4275.0
12150800,1970,8,1926.0
12150800,1970,9,4366.0
12150800,1970,10,5068.0
12150800,1970,11,10270.0
12150800,1970,12,9915.0
12150800,1971,1,19010.0
12150800,1971,2,17230.0
12150800,1971,3,9313.0
12150800,1971,4,9008.0
12150800,1971,5,18900.0
12150800,1971,6,16460.0
12150800,1971,7,14930.0
12150800,1971,8,4744.0
12150800,1971,9,3416.0
12150800,1971,10,5649.0
12150800,1971,11,13180.0
12150800,1971,12,10860.0
12150800,1972,1,12940.0
12150800,1972,2,18390.0
12150800,1972,3,25700.0
12150800,1972,4,12420.0
12150800,1972,5,20450.0
12150800,1972,6,19360.0
12150800,1972,7,14580.0
12150800,1972,8,4537.0
12150800,1972,9,6202.0
12150800,1972,10,3461.0
12150800,1972,11,5931.0
12150800,1972,12,17630.0
12150800,1973,1,11780.0
12150800,1973,2,4606.0
12150800,1973,3,6112.0
12150800,1973,4,6131.0
12150800,1973,5,10400.0
12150800,1973,6,9326.0
12150800,1973,7,3927.0
12150800,1973,8,1811.0
12150800,1973,9,2473.0
12150800,1973,10,6349.0
12150800,1973,11,10760.0
12150800,1973,12,15410.0
12150800,1974,1,21890.0
12150800,1974,2,10890.0
12150800,1974,3,12310.0
12150800,1974,4,11890.0
12150800,1974,5,15040.0
12150800,1974,6,24730.0
12150800,1974,7,14940.0
12150800,1974,8,6285.0
12150800,1974,9,2801.0
12150800,1974,10,1495.0
12150800,1974,11,8013.0
12150800,1974,12,13790.0
12150800,1975,1,16750.0
12150800,1975,2,8122.0
12150800,1975,3,8078.0
12150800,1975,4,5340.0
12150800,1975,5,14850.0
12150800,1975,6,16080.0
12150800,1975,7,10250.0
12150800,1975,8,4523.0
12150800,1975,9,3114.0
12150800,1975,10,8761.0
12150800,1975,11,19360.0
12150800,1975,12,29580.0
12150800,1976,1,18170.0
12150800,1976,2,8630.0
12150800,1976,3,6619.0
12150800,1976,4,9991.0
12150800,1976,5,16040.0
12150800,1976,6,13290.0
12150800,1976,7,11040.0
12150800,1976,8,6224.0
12150800,1976,9,3667.0
12150800,1976,10,2823.0
12150800,1976,11,6024.0
12150800,1976,12,8430.0
12150800,1977,1,9265.0
12150800,1977,2,5831.0
12150800,1977,3,7248.0
12150800,1977,4,10370.0
12150800,1977,5,9748.0
12150800,1977,6,8645.0
12150800,1977,7,2960.0
12150800,1977,8,2999.0
12150800,1977,9,4621.0
12150800,1977,10,4456.0
12150800,1977,11,18380.0
12150800,1977,12,25040.0
12150800,1978,1,8186.0
12150800,1978,2,7195.0
12150800,1978,3,8177.0
12150800,1978,4,8366.0
12150800,1978,5,10520.0
12150800,1978,6,9530.0
12150800,1978,7,4485.0
12150800,1978,8,3082.0
12150800,1978,9,7646.0
12150800,1978,10,3271.0
12150800,1978,11,9283.0
12150800,1978,12,9175.0
12150800,1979,1,4401.0
12150800,1979,2,10610.0
12150800,1979,3,12280.0
12150800,1979,4,9209.0
12150800,1979,5,13440.0
12150800,1979,6,9225.0
12150800,1979,7,5441.0
12150800,1979,8,1839.0
12150800,1979,9,1984.0
12150800,1979,10,3275.0
12150800,1979,11,2823.0
12150800,1979,12,23360.0
12150800,1980,1,7283.0
12150800,1980,2,9556.0
12150800,1980,3,8890.0
12150800,1980,4,12250.0
12150800,1980,5,10310.0
12150800,1980,6,8755.0
12150800,1980,7,4743.0
12150800,1980,8,2712.0
12150800,1980,9,5656.0
12150800,1980,10,2778.0
12150800,1980,11,15620.0
12150800,1980,12,23160.0
12150800,1981,1,6980.0
12150800,1981,2,16230.0
12150800,1981,3,5449.0
12150800,1981,4,13800.0
12150800,1981,5,11830.0
12150800,1981,6,13870.0
12150800,1981,7,4997.0
12150800,1981,8,2073.0
12150800,1981,9,3089.0
12150800,1981,10,8914.0
12150800,1981,11,7588.0
12150800,1981,12,11160.0
12150800,1982,1,13950.0
12150800,1982,2,24300.0
12150800,1982,3,11010.0
12150800,1982,4,7905.0
12150800,1982,5,12900.0
12150800,1982,6,15860.0
12150800,1982,7,8941.0
12150800,1982,8,3285.0
12150800,1982,9,3928.0
12150800,1982,10,5292.0
12150800,1982,11,7865.0
12150800,1982,12,13640.0
12150800,1983,1,18250.0
12150800,1983,2,9100.0
12150800,1983,3,9827.0
12150800,1983,4,7596.0
12150800,1983,5,10330.0
12150800,1983,6,9221.0
12150800,1983,7,9655.0
12150800,1983,8,3021.0
12150800,1983,9,5339.0
12150800,1983,10,3112.0
12150800,1983,11,17390.0
12150800,1983,12,6783.0
12150800,1984,1,22000.0
12150800,1984,2,8719.0
12150800,1984,3,9821.0
12150800,1984,4,7597.0
12150800,1984,5,14780.0
12150800,1984,6,16850.0
12150800,1984,7,8652.0
12150800,1984,8,2885.0
12150800,1984,9,3143.0
12150800,1984,10,4361.0
12150800,1984,11,11860.0
12150800,1984,12,9086.0
12150800,1985,1,5137.0
12150800,1985,2,5089.0
12150800,1985,3,4859.0
12150800,1985,4,14550.0
12150800,1985,5,14660.0
12150800,1985,6,15720.0
12150800,1985,7,4807.0
12150800,1985,8,1994.0
12150800,1985,9,2998.0
12150800,1985,10,12090.0
12150800,1985,11,16710.0
12150800,1985,12,3966.0
12150800,1986,1,11560.0
12150800,1986,2,12560.0
12150800,1986,3,10440.0
12150800,1986,4,7120.0
12150800,1986,5,12690.0
12150800,1986,6,7624.0
12150800,1986,7,3995.0
12150800,1986,8,1756.0
12150800,1986,9,2486.0
12150800,1986,10,3691.0
12150800,1986,11,19380.0
12150800,1986,12,7946.0
12150800,1987,1,7366.0
12150800,1987,2,9003.0
12150800,1987,3,11900.0
12150800,1987,4,10360.0
12150800,1987,5,12230.0
12150800,1987,6,6779.0
12150800,1987,7,2683.0
12150800,1987,8,1413.0
12150800,1987,9,1133.0
12150800,1987,10,894.2
12150800,1987,11,2624.0
12150800,1987,12,8097.0
12150800,1988,1,5526.0
12150800,1988,2,8842.0
12150800,1988,3,10820.0
12150800,1988,4,15970.0
12150800,1988,5,14330.0
12150800,1988,6,10740.0
12150800,1988,7,5694.0
12150800,1988,8,1923.0
12150800,1988,9,2836.0
12150800,1988,10,9104.0
12150800,1988,11,15200.0
12150800,1988,12,11750.0
12150800,1989,1,13210.0
12150800,1989,2,5898.0
12150800,1989,3,8561.0
12150800,1989,4,16050.0
12150800,1989,5,12170.0
12150800,1989,6,11160.0
12150800,1989,7,4903.0
12150800,1989,8,2662.0
12150800,1989,9,1636.0
12150800,1989,10,3401.0
12150800,1989,11,19400.0
12150800,1989,12,14970.0
12150800,1990,1,16430.0
12150800,1990,2,12980.0
12150800,1990,3,10080.0
12150800,1990,4,14300.0
12150800,1990,5,11630.0
12150800,1990,6,16040.0
12150800,1990,7,6290.0
12150800,1990,8,2535.0
12150800,1990,9,2222.0
12150800,1990,10,11910.0
12150800,1990,11,34800.0
12150800,1990,12,13960.0
12150800,1991,1,13740.0
12150800,1991,2,20500.0
12150800,1991,3,8612.0
12150800,1991,4,12520.0
12150800,1991,5,10460.0
12150800,1991,6,10860.0
12150800,1991,7,7115.0
12150800,1991,8,2708.0
12150800,1991,9,2104.0
12150800,1991,10,1757.0
12150800,1991,11,11790.0
12150800,1991,12,12980.0
12150800,1992,1,12700.0
12150800,1992,2,10760.0
12150800,1992,3,6203.0
12150800,1992,4,7513.0
12150800,1992,5,7743.0
12150800,1992,6,4070.0
12150800,1992,7,2945.0
12150800,1992,8,1672.0
12150800,1992,9,3959.0
12150800,1992,10,3444.0
12150800,1992,11,9671.0
12150800,1992,12,7573.0
12150800,1993,1,8190.0
12150800,1993,2,5171.0
12150800,1993,3,9285.0
12150800,1993,4,10920.0
12150800,1993,5,16790.0
12150800,1993,6,9627.0
12150800,1993,7,5374.0
12150800,1993,8,3073.0
12150800,1993,9,2013.0
12150800,1993,10,2353.0
12150800,1993,11,3682.0
12150800,1993,12,9556.0
12150800,1994,1,10570.0
12150800,1994,2,5585.0
12150800,1994,3,11130.0
12150800,1994,4,10810.0
12150800,1994,5,9189.0
12150800,1994,6,8193.0
12150800,1994,7,4129.0
12150800,1994,8,1743.0
12150800,1994,9,2797.0
12150800,1994,10,5373.0
12150800,1994,11,9428.0
12150800,1994,12,16810.0
12150800,1995,1,9305.0
12150800,1995,2,19560.0
12150800,1995,3,9738.0
12150800,1995,4,7345.0
12150800,1995,5,10300.0
12150800,1995,6,7212.0
12150800,1995,7,3878.0
12150800,1995,8,3482.0
12150800,1995,9,1947.0
12150800,1995,10,13340.0
12150800,1995,11,30840.0
12150800,1995,12,18240.0
12150800,1996,1,17790.0
12150800,1996,2,21810.0
12150800,1996,3,7225.0
12150800,1996,4,11780.0
12150800,1996,5,11480.0
12150800,1996,6,7897.0
12150800,1996,7,4295.0
12150800,1996,8,2860.0
12150800,1996,9,3327.0
12150800,1996,10,10200.0
12150800,1996,11,13940.0
12150800,1996,12,11490.0
12150800,1997,1,20190.0
12150800,1997,2,13780.0
12150800,1997,3,17340.0
12150800,1997,4,13790.0
12150800,1997,5,19920.0
12150800,1997,6,17700.0
12150800,1997,7,12280.0
12150800,1997,8,3522.0
12150800,1997,9,5180.0
12150800,1997,10,12730.0
12150800,1997,11,10560.0
12150800,1997,12,8867.0
12150800,1998,1,12460.0
12150800,1998,2,7404.0
12150800,1998,3,9002.0
12150800,1998,4,7160.0
12150800,1998,5,12200.0
12150800,1998,6,9403.0
12150800,1998,7,3969.0
12150800,1998,8,1831.0
12150800,1998,9,1255.0
12150800,1998,10,3864.0
12150800,1998,11,15030.0
12150800,1998,12,18130.0
12150800,1999,1,17660.0
12150800,1999,2,10730.0
12150800,1999,3,8530.0
12150800,1999,4,7811.0
12150800,1999,5,12930.0
12150800,1999,6,18360.0
12150800,1999,7,13620.0
12150800,1999,8,5666.0
12150800,1999,9,2478.0
12150800,1999,10,5508.0
12150800,1999,11,19260.0
12150800,1999,12,20820.0
12150800,2000,1,9012.0
12150800,2000,2,7274.0
12150800,2000,3,7683.0
12150800,2000,4,13080.0
12150800,2000,5,14600.0
12150800,2000,6,16140.0
12150800,2000,7,6210.0
12150800,2000,8,2623.0
12150800,2000,9,3654.0
12150800,2000,10,6954.0
12150800,2000,11,4975.0
12150800,2000,12,5225.0
12150800,2001,1,6425.0
12150800,2001,2,4825.0
12150800,2001,3,7146.0
12150800,2001,4,9160.0
12150800,2001,5,13090.0
12150800,2001,6,8873.0
12150800,2001,7,4201.0
12150800,2001,8,2600.0
12150800,2001,9,2076.0
12150800,2001,10,9169.0
12150800,2001,11,16270.0
12150800,2001,12,14410.0
12150800,2002,1,14970.0
12150800,2002,2,12270.0
12150800,2002,3,9660.0
12150800,2002,4,15740.0
12150800,2002,5,15490.0
12150800,2002,6,19930.0
12150800,2002,7,9616.0
12150800,2002,8,2892.0
12150800,2002,9,1988.0
12150800,2002,10,1806.0
12150800,2002,11,6493.0
12150800,2002,12,6363.0
12150800,2003,1,13780.0
12150800,2003,2,11150.0
12150800,2003,3,14720.0
12150800,2003,4,10440.0
12150800,2003,5,9340.0
12150800,2003,6,7615.0
12150800,2003,7,2856.0
12150800,2003,8,1388.0
12150800,2003,9,1876.0
12150800,2003,10,11410.0
12150800,2003,11,15140.0
12150800,2003,12,10210.0
12150800,2004,1,12320.0
12150800,2004,2,8953.0
12150800,2004,3,8727.0
12150800,2004,4,8769.0
12150800,2004,5,11500.0
12150800,2004,6,9857.0
12150800,2004,7,3293.0
12150800,2004,8,4063.0
12150800,2004,9,7579.0
12150800,2004,10,6958.0
12150800,2004,11,13290.0
12150800,2004,12,15650.0
12150800,2005,1,14150.0
12150800,2005,2,5607.0
12150800,2005,3,5602.0
12150800,2005,4,9616.0
12150800,2005,5,7625.0
12150800,2005,6,5829.0
12150800,2005,7,3567.0
12150800,2005,8,1678.0
12150800,2005,9,2222.0
12150800,2005,10,5904.0
12150800,2005,11,11790.0
12150800,2005,12,10330.0
12150800,2006,1,19960.0
12150800,2006,2,10070.0
12150800,2006,3,5486.0
12150800,2006,4,8465.0
12150800,2006,5,12930.0
12150800,2006,6,12750.0
12150800,2006,7,3992.0
12150800,2006,8,1662.0
12150800,2006,9,1935.0
12150800,2006,10,2757.0
12150800,2006,11,25530.0
12150800,2006,12,11060.0
12150800,2007,1,12860.0
12150800,2007,2,10050.0
12150800,2007,3,20320.0
12150800,2007,4,10850.0
12150800,2007,5,11110.0
12150800,2007,6,10670.0
12150800,2007,7,4977.0
12150800,2007,8,2365.0
12150800,2007,9,1738.0
12150800,2007,10,8664.0
12150800,2007,11,7158.0
12150800,2007,12,14480.0
12150800,2008,1,7473.0
12150800,2008,2,8066.0
12150800,2008,3,7649.0
12150800,2008,4,7348.0
12150800,2008,5,20470.0
12150800,2008,6,18460.0
12150800,2008,7,10920.0
12150800,2008,8,5271.0
12150800,2008,9,3120.0
12150800,2008,10,4148.0
12150800,2008,11,19190.0
12150800,2008,12,9452.0
12150800,2009,1,21060.0
12150800,2009,2,4736.0
12150800,2009,3,6138.0
12150800,2009,4,11900.0
12150800,2009,5,16290.0
12150800,2009,6,12490.0
12150800,2009,7,4231.0
12150800,2009,8,2118.0
12150800,2009,9,2336.0
12150800,2009,10,7816.0
12150800,2009,11,17040.0
12150800,2009,12,8638.0
12150800,2010,1,12650.0
12150800,2010,2,4996.0
12150800,2010,3,6415.0
12150800,2010,4,9342.0
12150800,2010,5,12550.0
12150800,2010,6,15090.0
12150800,2010,7,5236.0
12150800,2010,8,2184.0
12150800,2010,9,5405.0
12150800,2010,10,6603.0
12150800,2010,11,12220.0
12150800,2010,12,15190.0
12150800,2011,1,23360.0
12150800,2011,2,12320.0
12150800,2011,3,11780.0
12150800,2011,4,16090.0
12150800,2011,5,14370.0
12150800,2011,6,16480.0
12150800,2011,7,11880.0
12150800,2011,8,5172.0
12150800,2011,9,2485.0
12150800,2011,10,6055.0
12150800,2011,11,9417.0
12150800,2011,12,7244.0
12150800,2012,1,11610.0
12150800,2012,2,13760.0
12150800,2012,3,11430.0
12150800,2012,4,14290.0
12150800,2012,5,17370.0
12150800,2012,6,18790.0
12150800,2012,7,11320.0
12150800,2012,8,3221.0
12150800,2012,9,1810.0
12150800,2012,10,7305.0
12150800,2012,11,14430.0
12150800,2012,12,12040.0
12150800,2013,1,8919.0
12150800,2013,2,8621.0
12150800,2013,3,13720.0
12150800,2013,4,18300.0
12150800,2013,5,16710.0
12150800,2013,6,11920.0
12150800,2013,7,5520.0
12150800,2013,8,2619.0
12150800,2013,9,5064.0
12150800,2013,10,7607.0
12150800,2013,11,10660.0
12150800,2013,12,9855.0
12150800,2014,1,11610.0
12150800,2014,2,9321.0
12150800,2014,3,21590.0
12150800,2014,4,13650.0
12150800,2014,5,16060.0
12150800,2014,6,10280.0
12150800,2014,7,6050.0
12150800,2014,8,3075.0
12150800,2014,9,2668.0
12150800,2014,10,8072.0
12150800,2014,11,18870.0
12150800,2014,12,14090.0
12150800,2015,1,17580.0
12150800,2015,2,13890.0
12150800,2015,3,8511.0
12150800,2015,4,7724.0
12150800,2015,5,4802.0
12150800,2015,6,2336.0
12150800,2015,7,1504.0
12150800,2015,8,1267.0
12150800,2015,9,2391.0
12150800,2015,10,4719.0
12150800,2015,11,24740.0
12150800,2015,12,13140.0
12150800,2016,1,8879.0
12150800,2016,2,18810.0
12150800,2016,3,13370.0
12150800,2016,4,12020.0
12150800,2016,5,8954.0
12150800,2016,6,7368.0
12150800,2016,7,3801.0
12150800,2016,8,2041.0
12150800,2016,9,2662.0
12150800,2016,10,13600.0
12150800,2016,11,14890.0
12150800,2016,12,8966.0
12150800,2017,1,5920.0
12150800,2017,2,13100.0
12150800,2017,3,18640.0
12150800,2017,4,13700.0
12150800,2017,5,17370.0
12150800,2017,6,11500.0
12150800,2017,7,3738.0
12150800,2017,8,1694.0
12150800,2017,9,1577.0
12150800,2017,10,8506.0
12150800,2017,11,15400.0
12150800,2017,12,11670.0
12150800,2018,1,16250.0
12150800,2018,2,17470.0
12150800,2018,3,7591.0
12150800,2018,4,17900.0
12150800,2018,5,16420.0
12150800,2018,6,8090.0
12150800,2018,7,4130.0
12150800,2018,8,1625.0
12150800,2018,9,1902.0
12150800,2018,10,3985.0
12150800,2018,11,15990.0
12150800,2018,12,11890.0
12150800,2019,1,12310.0
12150800,2019,2,5818.0
12150800,2019,3,4648.0
12150800,2019,4,11170.0
12150800,2019,5,8883.0
12150800,2019,6,5408.0
12150800,2019,7,3064.0
12150800,2019,8,1819.0
12150800,2019,9,3292.0
12150800,2019,10,10490.0
12150800,2019,11,6263.0
12150800,2019,12,11870.0
12150800,2020,1,22170.0
12150800,2020,2,24270.0
12150800,2020,3,7502.0
12150800,2020,4,9997.0
12150800,2020,5,15680.0
12150800,2020,6,13660.0
12150800,2020,7,5701.0
12150800,2020,8,2204.0
12150800,2020,9,3416.0
12150800,2020,10,11090.0
12150800,2020,11,13850.0
12150800,2020,12,13090.0
12150800,2021,1,16980.0
12150800,2021,2,11800.0
12150800,2021,3,7637.0
12150800,2021,4,9116.0
12150800,2021,5,12860.0
12150800,2021,6,13770.0
12150800,2021,7,6485.0
12186000,1917,10,420.5
12186000,1917,11,544.8
12186000,1917,12,3512.0
12186000,1918,1,2160.0
12186000,1918,2,954.2
12186000,1918,3,731.7
12186000,1918,4,1292.0
12186000,1918,5,1569.0
12186000,1918,6,2393.0
12186000,1918,7,1230.0
12186000,1918,8,649.6
12186000,1918,9,322.7
12186000,1918,10,1128.0
12186000,1918,11,977.6
12186000,1918,12,1579.0
12186000,1919,1,1192.0
12186000,1919,2,591.0
12186000,1919,3,572.0
12186000,1919,4,1284.0
12186000,1919,5,2082.0
12186000,1919,6,2123.0
12186000,1919,7,1973.0
12186000,1919,8,769.8
12186000,1919,9,384.2
12186000,1919,10,260.3
12186000,1919,11,1428.0
12186000,1919,12,1195.0
12186000,1920,1,1557.0
12186000,1920,2,827.3
12186000,1920,3,603.5
12186000,1920,4,554.6
12186000,1920,5,1200.0
12186000,1920,6,1677.0
12186000,1920,7,1308.0
12186000,1920,8,508.3
12186000,1920,9,1504.0
12186000,1920,10,1889.0
12186000,1920,11,843.0
12186000,1920,12,840.5
12186000,1921,1,1006.0
12186000,1921,2,1353.0
12186000,1921,3,1057.0
12186000,1921,6,3405.0
12186000,1921,7,1828.0
12186000,1921,8,783.7
12186000,1921,9,910.9
12186000,1921,10,1429.0
12186000,1921,11,1388.0
12186000,1921,12,2659.0
12186000,1922,1,464.4
12186000,1922,2,321.1
12186000,1922,3,340.1
12186000,1922,4,691.6
12186000,1922,5,1897.0
12186000,1922,6,2684.0
12186000,1922,7,1028.0
12186000,1922,8,529.4
12186000,1922,9,455.5
12186000,1928,10,1075.0
12186000,1928,11,482.0
12186000,1928,12,468.3
12186000,1929,1,250.0
12186000,1929,2,167.2
12186000,1929,3,481.4
12186000,1929,4,653.8
12186000,1929,5,2024.0
12186000,1929,6,2151.0
12186000,1929,7,1070.0
12186000,1929,8,391.9
12186000,1929,9,216.7
12186000,1929,10,239.5
12186000,1929,11,210.4
12186000,1929,12,656.9
12186000,1930,1,284.3
12186000,1930,2,1545.0
12186000,1930,3,700.1
12186000,1930,4,1523.0
12186000,1930,5,1308.0
12186000,1930,6,1433.0
12186000,1930,7,808.5
12186000,1930,8,291.3
12186000,1930,9,239.4
12186000,1930,10,563.5
12186000,1930,11,423.6
12186000,1930,12,433.0
12186000,1931,1,1181.0
12186000,1931,2,868.8
12186000,1931,3,1064.0
12186000,1931,4,1158.0
12186000,1931,5,2018.0
12186000,1931,6,1980.0
12186000,1931,7,819.2
12186000,1931,8,250.6
12186000,1931,9,416.0
12186000,1931,10,585.5
12186000,1931,11,1064.0
12186000,1931,12,665.0
12186000,1932,1,665.2
12186000,1932,2,1558.0
12186000,1932,3,1482.0
12186000,1932,4,1532.0
12186000,1932,5,2075.0
12186000,1932,6,2513.0
12186000,1932,7,1477.0
12186000,1932,8,613.7
12186000,1932,9,315.1
12186000,1932,10,704.8
12186000,1932,11,2579.0
12186000,1932,12,1230.0
12186000,1933,1,890.0
12186000,1933,2,297.3
12186000,1933,3,624.7
12186000,1933,4,961.5
12186000,1933,5,1692.0
12186000,1933,6,3185.0
12186000,1933,7,2805.0
12186000,1933,8,1238.0
12186000,1933,9,1053.0
12186000,1933,10,1704.0
12186000,1933,11,1416.0
12186000,1933,12,3077.0
12186000,1934,1,1968.0
12186000,1934,2,948.1
12186000,1934,3,1698.0
12186000,1934,4,1991.0
12186000,1934,5,1859.0
12186000,1934,6,1231.0
12186000,1934,7,769.7
12186000,1934,8,395.0
12186000,1934,9,394.0
12186000,1934,10,996.3
12186000,1934,11,1970.0
12186000,1934,12,1102.0
12186000,1935,1,2108.0
12186000,1935,2,1199.0
12186000,1935,3,666.9
12186000,1935,4,606.4
12186000,1935,5,1619.0
12186000,1935,6,2151.0
12186000,1935,7,1385.0
12186000,1935,8,524.6
12186000,1935,9,426.7
12186000,1935,10,309.0
12186000,1935,11,345.1
12186000,1935,12,466.4
12186000,1936,1,707.0
12186000,1936,2,267.0
12186000,1936,3,647.9
12186000,1936,4,1536.0
12186000,1936,5,2772.0
12186000,1936,6,2419.0
12186000,1936,7,910.3
12186000,1936,8,370.3
12186000,1936,9,313.8
12186000,1936,10,252.3
12186000,1936,11,136.8
12186000,1936,12,1051.0
12186000,1937,1,243.7
12186000,1937,2,272.3
12186000,1937,3,656.4
12186000,1937,4,912.2
12186000,1937,5,1835.0
12186000,1937,6,2951.0
12186000,1937,7,1307.0
12186000,1937,8,426.5
12186000,1937,9,267.5
12186000,1937,10,588.0
12186000,1937,11,1687.0
12186000,1937,12,1380.0
12186000,1938,1,891.8
12186000,1938,2,333.7
12186000,1938,3,594.9
12186000,1938,4,1317.0
12186000,1938,5,1917.0
12186000,1938,6,2051.0
12186000,1938,7,952.6
12186000,1938,8,283.1
12186000,1938,9,215.3
12186000,1938,10,509.1
12186000,1938,11,710.8
12186000,1938,12,1057.0
12186000,1939,1,1324.0
12186000,1939,2,460.1
12186000,1939,3,672.8
12186000,1939,4,1392.0
12186000,1939,5,2303.0
12186000,1939,6,1948.0
12186000,1939,7,1614.0
12186000,1939,8,506.0
12186000,1939,9,291.1
12186000,1939,10,566.8
12186000,1939,11,870.5
12186000,1939,12,1795.0
12186000,1940,1,780.7
12186000,1940,2,913.9
12186000,1940,3,1083.0
12186000,1940,4,1160.0
12186000,1940,5,1834.0
12186000,1940,6,1136.0
12186000,1940,7,450.9
12186000,1940,8,260.9
12186000,1940,9,195.6
12186000,1940,10,1034.0
12186000,1940,11,711.5
12186000,1940,12,1067.0
12186000,1941,1,677.2
12186000,1941,2,521.0
12186000,1941,3,552.0
12186000,1941,4,840.5
12186000,1941,5,1162.0
12186000,1941,6,895.4
12186000,1941,7,396.0
12186000,1941,8,215.5
12186000,1941,9,749.3
12186000,1941,10,1441.0
12186000,1941,11,1030.0
12186000,1941,12,1395.0
12186000,1942,1,368.1
12186000,1942,2,368.9
12186000,1942,3,408.6
12186000,1942,4,1053.0
12186000,1942,5,1390.0
12186000,1942,6,1928.0
12186000,1942,7,1059.0
12186000,1942,8,336.1
12186000,1942,9,177.5
12186000,1942,10,276.1
12186000,1942,11,1186.0
12186000,1942,12,1047.0
12186000,1943,1,666.8
12186000,1943,2,669.5
12186000,1943,3,763.3
12186000,1943,4,1629.0
12186000,1943,5,1661.0
12186000,1943,6,2222.0
12186000,1943,7,1976.0
12186000,1943,8,604.0
12186000,1943,9,283.3
12186000,1943,10,399.0
12186000,1943,11,489.8
12186000,1943,12,986.1
12186000,1944,1,606.4
12186000,1944,2,494.7
12186000,1944,3,602.3
12186000,1944,4,814.1
12186000,1944,5,1501.0
12186000,1944,6,1419.0
12186000,1944,7,586.5
12186000,1944,8,261.7
12186000,1944,9,635.0
12186000,1944,10,599.7
12186000,1944,11,776.2
12186000,1944,12,807.9
12186000,1945,1,1381.0
12186000,1945,2,1139.0
12186000,1945,3,570.6
12186000,1945,4,620.3
12186000,1945,5,2191.0
12186000,1945,6,1778.0
12186000,1945,7,983.7
12186000,1945,8,342.7
12186000,1945,9,479.6
12186000,1945,10,901.3
12186000,1945,11,1067.0
12186000,1945,12,832.0
12186000,1946,1,792.3
12186000,1946,2,592.5
12186000,1946,3,706.9
12186000,1946,4,1203.0
12186000,1946,5,2926.0
12186000,1946,6,2677.0
12186000,1946,7,1839.0
12186000,1946,8,643.6
12186000,1946,9,308.0
12186000,1946,10,727.8
12186000,1946,11,694.9
12186000,1946,12,1469.0
12186000,1947,1,986.1
12186000,1947,2,1210.0
12186000,1947,3,936.8
12186000,1947,4,1483.0
12186000,1947,5,2402.0
12186000,1947,6,2010.0
12186000,1947,7,1154.0
12186000,1947,8,458.6
12186000,1947,9,375.7
12186000,1947,10,1594.0
12186000,1947,11,1436.0
12186000,1947,12,1146.0
12186000,1948,1,710.6
12186000,1948,2,587.8
12186000,1948,3,499.1
12186000,1948,4,970.0
12186000,1948,5,2604.0
12186000,1948,6,3531.0
12186000,1948,7,1267.0
12186000,1948,8,687.2
12186000,1948,9,663.4
12186000,1948,10,823.5
12186000,1948,11,812.6
12186000,1948,12,624.0
12186000,1949,1,313.8
12186000,1949,2,684.3
12186000,1949,3,899.3
12186000,1949,4,1258.0
12186000,1949,5,2965.0
12186000,1949,6,2294.0
12186000,1949,7,1693.0
12186000,1949,8,774.2
12186000,1949,9,652.1
12186000,1949,10,1065.0
12186000,1949,11,2360.0
12186000,1949,12,1466.0
12186000,1950,1,1019.0
12186000,1950,2,996.0
12186000,1950,3,1264.0
12186000,1950,4,996.1
12186000,1950,5,1706.0
12186000,1950,6,3505.0
12186000,1950,7,2671.0
12186000,1950,8,1153.0
12186000,1950,9,468.6
12186000,1950,10,1362.0
12186000,1950,11,1611.0
12186000,1950,12,1988.0
12186000,1951,1,921.0
12186000,1951,2,2369.0
12186000,1951,3,581.5
12186000,1951,4,1252.0
12186000,1951,5,2202.0
12186000,1951,6,1843.0
12186000,1951,7,997.2
12186000,1951,8,405.6
12186000,1951,9,428.4
12186000,1951,10,1248.0
12186000,1951,11,828.1
12186000,1951,12,582.3
12186000,1952,1,353.2
12186000,1952,2,729.7
12186000,1952,3,363.0
12186000,1952,4,1208.0
12186000,1952,5,2302.0
12186000,1952,6,1969.0
12186000,1952,7,1319.0
12186000,1952,8,501.8
12186000,1952,9,277.7
12186000,1952,10,194.2
12186000,1952,11,229.7
12186000,1952,12,516.1
12186000,1953,1,2584.0
12186000,1953,2,1444.0
12186000,1953,3,569.8
12186000,1953,4,967.0
12186000,1953,5,1973.0
12186000,1953,6,2008.0
12186000,1953,7,2131.0
12186000,1953,8,815.4
12186000,1953,9,544.6
12186000,1953,10,900.7
12186000,1953,11,1314.0
12186000,1953,12,1687.0
12186000,1954,1,918.7
12186000,1954,2,1328.0
12186000,1954,3,696.5
12186000,1954,4,949.2
12186000,1954,5,2101.0
12186000,1954,6,2494.0
12186000,1954,7,2875.0
12186000,1954,8,1393.0
12186000,1954,9,843.0
12186000,1954,10,818.5
12186000,1954,11,1715.0
12186000,1954,12,759.7
12186000,1955,1,472.5
12186000,1955,2,669.4
12186000,1955,3,292.6
12186000,1955,4,723.7
12186000,1955,5,1429.0
12186000,1955,6,3117.0
12186000,1955,7,2357.0
12186000,1955,8,982.2
12186000,1955,9,430.5
12186000,1955,10,1692.0
12186000,1955,11,2255.0
12186000,1955,12,1308.0
12186000,1956,1,647.1
12186000,1956,2,286.1
12186000,1956,3,482.7
12186000,1956,4,1398.0
12186000,1956,5,2875.0
12186000,1956,6,2948.0
12186000,1956,7,2345.0
12186000,1956,8,739.2
12186000,1956,9,638.6
12186000,1956,10,1435.0
12186000,1956,11,1062.0
12186000,1956,12,1986.0
12186000,1957,1,437.0
12186000,1957,2,765.1
12186000,1957,3,773.9
12186000,1957,4,1168.0
12186000,1957,5,2724.0
12186000,1957,6,1938.0
12186000,1957,7,917.7
12186000,1957,8,455.8
12186000,1957,9,328.3
12186000,1957,10,426.6
12186000,1957,11,594.6
12186000,1957,12,924.4
12186000,1958,1,1117.0
12186000,1958,2,1006.0
12186000,1958,3,580.3
12186000,1958,4,986.8
12186000,1958,5,2464.0
12186000,1958,6,1784.0
12186000,1958,7,712.1
12186000,1958,8,323.9
12186000,1958,9,493.4
12186000,1958,10,1010.0
12186000,1958,11,1999.0
12186000,1958,12,2018.0
12186000,1959,1,1504.0
12186000,1959,2,525.3
12186000,1959,3,722.2
12186000,1959,4,1718.0
12186000,1959,5,1895.0
12186000,1959,6,2675.0
12186000,1959,7,1975.0
12186000,1959,8,638.2
12186000,1959,9,1480.0
12186000,1959,10,1845.0
12186000,1959,11,2268.0
12186000,1959,12,1483.0
12186000,1960,1,611.5
12186000,1960,2,811.5
12186000,1960,3,610.3
12186000,1960,4,1232.0
12186000,1960,5,1760.0
12186000,1960,6,2188.0
12186000,1960,7,1289.0
12186000,1960,8,524.3
12186000,1960,9,383.5
12186000,1960,10,716.1
12186000,1960,11,1315.0
12186000,1960,12,856.1
12186000,1961,1,1599.0
12186000,1961,2,1746.0
12186000,1961,3,968.4
12186000,1961,4,940.8
12186000,1961,5,1903.0
12186000,1961,6,2663.0
12186000,1961,7,1177.0
12186000,1961,8,467.7
12186000,1961,9,431.2
12186000,1961,10,854.6
12186000,1961,11,707.8
12186000,1961,12,1085.0
12186000,1962,1,1545.0
12186000,1962,2,777.5
12186000,1962,3,356.8
12186000,1962,4,1207.0
12186000,1962,5,1198.0
12186000,1962,6,2051.0
12186000,1962,7,1342.0
12186000,1962,8,676.9
12186000,1962,9,491.2
12186000,1962,10,665.3
12186000,1962,11,1435.0
12186000,1962,12,1598.0
12186000,1963,1,870.4
12186000,1963,2,1735.0
12186000,1963,3,699.4
12186000,1963,4,795.1
12186000,1963,5,1367.0
12186000,1963,6,1425.0
12186000,1963,7,851.1
12186000,1963,8,436.5
12186000,1963,9,343.2
12186000,1963,10,817.5
12186000,1963,11,1404.0
12186000,1963,12,1309.0
12186000,1964,1,1266.0
12186000,1964,2,592.8
12186000,1964,3,552.8
12186000,1964,4,756.4
12186000,1964,5,1523.0
12186000,1964,6,3020.0
12186000,1964,7,2620.0
12186000,1964,8,1301.0
12186000,1964,9,786.2
12186000,1964,10,1022.0
12186000,1964,11,919.7
12186000,1964,12,1291.0
12186000,1965,1,1126.0
12186000,1965,2,1297.0
12186000,1965,3,685.2
12186000,1965,4,1252.0
12186000,1965,5,1838.0
12186000,1965,6,2107.0
12186000,1965,7,1392.0
12186000,1965,8,655.1
12186000,1965,9,332.1
12186000,1965,10,594.4
12186000,1965,11,1015.0
12186000,1965,12,778.2
12186000,1966,1,833.0
12186000,1966,2,396.0
12186000,1966,3,720.9
12186000,1966,4,1314.0
12186000,1966,5,2040.0
12186000,1966,6,2155.0
12186000,1966,7,1525.0
12186000,1966,8,604.5
12186000,1966,9,289.5
12186000,1966,10,809.6
12186000,1966,11,735.0
12186000,1966,12,1838.0
12186000,1967,1,1281.0
12186000,1967,2,872.9
12186000,1967,3,623.6
12186000,1967,4,470.2
12186000,1967,5,1735.0
12186000,1967,6,3313.0
12186000,1967,7,1785.0
12186000,1967,8,661.4
12186000,1967,9,405.0
12186000,1967,10,2174.0
12186000,1967,11,1253.0
12186000,1967,12,1453.0
12186000,1968,1,1755.0
12186000,1968,2,1879.0
12186000,1968,3,1147.0
12186000,1968,4,741.9
12186000,1968,5,1704.0
12186000,1968,6,2489.0
12186000,1968,7,1422.0
12186000,1968,8,576.6
12186000,1968,9,737.2
12186000,1968,10,812.6
12186000,1968,11,1369.0
12186000,1968,12,910.3
12186000,1969,1,923.6
12186000,1969,2,310.1
12186000,1969,3,553.7
12186000,1969,4,1160.0
12186000,1969,5,2749.0
12186000,1969,6,2840.0
12186000,1969,7,943.1
12186000,1969,8,432.4
12186000,1969,9,705.5
12186000,1969,10,824.3
12186000,1969,11,708.5
12186000,1969,12,681.5
12186000,1970,1,918.2
12186000,1970,2,853.7
12186000,1970,3,627.6
12186000,1970,4,777.1
12186000,1970,5,1332.0
12186000,1970,6,2281.0
12186000,1970,7,946.4
12186000,1970,8,379.9
12186000,1970,9,527.5
12186000,1970,10,459.1
12186000,1970,11,1065.0
12186000,1970,12,797.2
12186000,1971,1,1355.0
12186000,1971,2,1505.0
12186000,1971,3,647.1
12186000,1971,4,804.9
12186000,1971,5,2495.0
12186000,1971,6,2318.0
12186000,1971,7,2746.0
12186000,1971,8,1105.0
12186000,1971,9,500.7
12186000,1971,10,520.7
12186000,1971,11,943.3
12186000,1971,12,577.5
12186000,1972,1,760.2
12186000,1972,2,1433.0
12186000,1972,3,2442.0
12186000,1972,4,1148.0
12186000,1972,5,2785.0
12186000,1972,6,3183.0
12186000,1972,7,2754.0
12186000,1972,8,1236.0
12186000,1972,9,849.6
12186000,1972,10,367.3
12186000,1972,11,657.4
12186000,1972,12,1479.0
12186000,1973,1,1108.0
12186000,1973,2,392.5
12186000,1973,3,496.0
12186000,1973,4,641.8
12186000,1973,5,1668.0
12186000,1973,6,1668.0
12186000,1973,7,1044.0
12186000,1973,8,435.0
12186000,1973,9,397.5
12186000,1973,10,750.2
12186000,1973,11,1014.0
12186000,1973,12,1331.0
12186000,1974,1,1957.0
12186000,1974,2,790.1
12186000,1974,3,1057.0
12186000,1974,4,1091.0
12186000,1974,5,1708.0
12186000,1974,6,3648.0
12186000,1974,7,2729.0
12186000,1974,8,1333.0
12186000,1974,9,614.3
12186000,1974,10,227.9
12186000,1974,11,856.9
12186000,1974,12,1196.0
12186000,1975,1,996.3
12186000,1975,2,602.7
12186000,1975,3,636.6
12186000,1975,4,457.8
12186000,1975,5,1691.0
12186000,1975,6,2399.0
12186000,1975,7,2086.0
12186000,1975,8,820.6
12186000,1975,9,483.7
12186000,1975,10,1115.0
12186000,1975,11,1874.0
12186000,1975,12,2820.0
12186000,1976,1,1457.0
12186000,1976,2,774.1
12186000,1976,3,505.4
12186000,1976,4,813.3
12186000,1976,5,2186.0
12186000,1976,6,2020.0
12186000,1976,7,2247.0
12186000,1976,8,1305.0
12186000,1976,9,706.7
12186000,1976,10,355.8
12186000,1976,11,569.1
12186000,1976,12,715.3
12186000,1977,1,813.2
12186000,1977,2,620.1
12186000,1977,3,537.2
12186000,1977,4,1041.0
12186000,1977,5,1119.0
12186000,1977,6,1500.0
12186000,1977,7,563.2
12186000,1977,8,621.7
12186000,1977,9,545.0
12186000,1977,10,459.3
12186000,1977,11,2020.0
12186000,1977,12,2197.0
12186000,1978,1,720.2
12186000,1978,2,594.1
12186000,1978,3,849.2
12186000,1978,4,816.0
12186000,1978,5,1270.0
12186000,1978,6,1899.0
12186000,1978,7,1177.0
12186000,1978,8,613.4
12186000,1978,9,1048.0
12186000,1978,10,402.1
12186000,1978,11,932.7
12186000,1978,12,468.6
12186000,1979,1,224.5
12186000,1979,2,606.5
12186000,1979,3,1179.0
12186000,1979,4,766.7
12186000,1979,5,2003.0
12186000,1979,6,1761.0
12186000,1979,7,1102.0
12186000,1979,8,396.5
12186000,1979,9,382.8
12186000,1979,10,525.4
12186000,1979,11,306.1
12186000,1979,12,2606.0
12186000,1980,1,598.4
12186000,1980,2,1014.0
12186000,1980,3,765.6
12186000,1980,4,1345.0
12186000,1980,5,1614.0
12186000,1980,6,1429.0
12186000,1980,7,949.7
12186000,1980,8,476.5
12186000,1980,9,629.9
12186000,1980,10,363.9
12186000,1980,11,1907.0
12186000,1980,12,3089.0
12186000,1981,1,914.4
12186000,1981,2,1509.0
12186000,1981,3,489.5
12186000,1981,4,1026.0
12186000,1981,5,1573.0
12186000,1981,6,2233.0
12186000,1981,7,1051.0
12186000,1981,8,430.9
12186000,1981,9,424.6
12186000,1981,10,1058.0
12186000,1981,11,925.7
12186000,1981,12,964.3
12186000,1982,1,796.1
12186000,1982,2,1872.0
12186000,1982,3,795.4
12186000,1982,4,689.5
12186000,1982,5,1740.0
12186000,1982,6,3033.0
12186000,1982,7,1855.0
12186000,1982,8,751.2
12186000,1982,9,489.8
12186000,1982,10,670.6
12186000,1982,11,744.8
12186000,1982,12,1433.0
12186000,1983,1,1494.0
12186000,1983,2,919.4
12186000,1983,3,1039.0
12186000,1983,4,713.7
12186000,1983,5,1484.0
12186000,1983,6,1782.0
12186000,1983,7,1631.0
12186000,1983,8,626.8
12186000,1983,9,606.3
12186000,1983,10,355.6
12186000,1983,11,1768.0
12186000,1983,12,468.3
12186000,1984,1,1805.0
12186000,1984,2,710.8
12186000,1984,3,812.2
12186000,1984,4,604.0
12186000,1984,5,1363.0
12186000,1984,6,2280.0
12186000,1984,7,1641.0
12186000,1984,8,757.5
12186000,1984,9,418.6
12186000,1984,10,635.6
12186000,1984,11,1181.0
12186000,1984,12,659.7
12186000,1985,1,413.9
12186000,1985,2,308.9
12186000,1985,3,298.8
12186000,1985,4,1473.0
12186000,1985,5,2050.0
12186000,1985,6,2450.0
12186000,1985,7,1153.0
12186000,1985,8,385.1
12186000,1985,9,482.2
12186000,1985,10,1394.0
12186000,1985,11,1496.0
12186000,1985,12,347.1
12186000,1986,1,1357.0
12186000,1986,2,1543.0
12186000,1986,3,1172.0
12186000,1986,4,789.2
12186000,1986,5,1534.0
12186000,1986,6,1670.0
12186000,1986,7,820.3
12186000,1986,8,393.8
12186000,1986,9,292.3
12186000,1986,10,395.0
12186000,1986,11,1527.0
12186000,1986,12,656.8
12186000,1987,1,656.1
12186000,1987,2,773.8
12186000,1987,3,1196.0
12186000,1987,4,1370.0
12186000,1987,5,2085.0
12186000,1987,6,1488.0
12186000,1987,7,681.6
12186000,1987,8,291.9
12186000,1987,9,212.6
12186000,1987,10,119.4
12186000,1987,11,362.7
12186000,1987,12,886.4
12186000,1988,1,537.1
12186000,1988,2,709.0
12186000,1988,3,1043.0
12186000,1988,4,1845.0
12186000,1988,5,2057.0
12186000,1988,6,1876.0
12186000,1988,7,1368.0
12186000,1988,8,483.3
12186000,1988,9,442.0
12186000,1988,10,994.7
12186000,1988,11,1431.0
12186000,1988,12,1001.0
12186000,1989,1,851.6
12186000,1989,2,382.1
12186000,1989,3,561.4
12186000,1989,4,1529.0
12186000,1989,5,1723.0
12186000,1989,6,2090.0
12186000,1989,7,1032.0
12186000,1989,8,438.6
12186000,1989,9,190.5
12186000,1989,10,397.7
12186000,1989,11,1881.0
12186000,1989,12,1679.0
12186000,1990,1,1228.0
12186000,1990,2,779.9
12186000,1990,3,821.2
12186000,1990,4,1828.0
12186000,1990,5,1538.0
12186000,1990,6,2355.0
12186000,1990,7,1485.0
12186000,1990,8,545.5
12186000,1990,9,281.9
12186000,1990,10,1463.0
12186000,1990,11,4117.0
12186000,1990,12,1205.0
12186000,1991,1,1114.0
12186000,1991,2,2160.0
12186000,1991,3,686.5
12186000,1991,4,1194.0
12186000,1991,5,1557.0
12186000,1991,6,1870.0
12186000,1991,7,1780.0
12186000,1991,8,763.2
12186000,1991,9,344.3
12186000,1991,10,185.6
12186000,1991,11,1355.0
12186000,1991,12,1055.0
12186000,1992,1,1328.0
12186000,1992,2,1124.0
12186000,1992,3,805.7
12186000,1992,4,1125.0
12186000,1992,5,1404.0
12186000,1992,6,981.5
12186000,1992,7,491.6
12186000,1992,8,286.0
12186000,1992,9,434.7
12186000,1992,10,395.4
12186000,1992,11,710.0
12186000,1992,12,464.2
12186000,1993,1,519.1
12186000,1993,2,498.5
12186000,1993,3,822.6
12186000,1993,4,936.9
12186000,1993,5,2492.0
12186000,1993,6,1475.0
12186000,1993,7,774.6
12186000,1993,8,451.6
12186000,1993,9,231.4
12186000,1993,10,274.4
12186000,1993,11,342.2
12186000,1993,12,845.3
12186000,1994,1,996.2
12186000,1994,2,456.4
12186000,1994,3,1284.0
12186000,1994,4,1316.0
12186000,1994,5,1585.0
12186000,1994,6,1276.0
12186000,1994,7,747.4
12186000,1994,8,260.9
12186000,1994,9,304.9
12186000,1994,10,686.2
12186000,1994,11,730.6
12186000,1994,12,1642.0
12186000,1995,1,845.4
12186000,1995,2,2135.0
12186000,1995,3,992.4
12186000,1995,4,716.5
12186000,1995,5,1843.0
12186000,1995,6,1582.0
12186000,1995,7,946.7
12186000,1995,8,565.1
12186000,1995,9,265.0
12186000,1995,10,1508.0
12186000,1995,11,4076.0
12186000,1995,12,1854.0
12186000,1996,1,1588.0
12186000,1996,2,2103.0
12186000,1996,3,831.0
12186000,1996,4,1323.0
12186000,1996,5,1186.0
12186000,1996,6,1432.0
12186000,1996,7,1100.0
12186000,1996,8,432.5
12186000,1996,9,420.3
12186000,1996,10,984.5
12186000,1996,11,1237.0
12186000,1996,12,776.9
12186000,1997,1,1808.0
12186000,1997,2,1124.0
12186000,1997,3,1563.0
12186000,1997,4,1316.0
12186000,1997,5,2644.0
12186000,1997,6,2702.0
12186000,1997,7,1990.0
12186000,1997,8,720.5
12186000,1997,9,867.3
12186000,1997,10,1781.0
12186000,1997,11,1273.0
12186000,1997,12,796.8
12186000,1998,1,936.7
12186000,1998,2,628.9
12186000,1998,3,676.6
12186000,1998,4,772.2
12186000,1998,5,1861.0
12186000,1998,6,1603.0
12186000,1998,7,816.1
12186000,1998,8,307.6
12186000,1998,9,186.0
12186000,1998,10,390.3
12186000,1998,11,1325.0
12186000,1998,12,1468.0
12186000,1999,1,1342.0
12186000,1999,2,783.5
12186000,1999,3,684.8
12186000,1999,4,803.6
12186000,1999,5,1713.0
12186000,1999,6,2767.0
12186000,1999,7,2472.0
12186000,1999,8,1265.0
12186000,1999,9,433.9
12186000,1999,10,717.8
12186000,1999,11,2092.0
12186000,1999,12,1610.0
12186000,2000,1,615.8
12186000,2000,2,499.1
12186000,2000,3,532.7
12186000,2000,4,1260.0
12186000,2000,5,1741.0
12186000,2000,6,2470.0
12186000,2000,7,1306.0
12186000,2000,8,553.6
12186000,2000,9,459.1
12186000,2000,10,598.1
12186000,2000,11,395.2
12186000,2000,12,389.1
12186000,2001,1,495.2
12186000,2001,2,306.9
12186000,2001,3,543.1
12186000,2001,4,736.8
12186000,2001,5,1576.0
12186000,2001,6,1186.0
12186000,2001,7,708.2
12186000,2001,8,388.8
12186000,2001,9,222.7
12186000,2001,10,714.1
12186000,2001,11,1670.0
12186000,2001,12,1057.0
12186000,2002,1,1607.0
12186000,2002,2,1147.0
12186000,2002,3,639.1
12186000,2002,4,1470.0
12186000,2002,5,1908.0
12186000,2002,6,3261.0
12186000,2002,7,1794.0
12186000,2002,8,528.2
12186000,2002,9,274.8
12186000,2002,10,170.1
12186000,2002,11,784.3
12186000,2002,12,675.5
12186000,2003,1,1608.0
12186000,2003,2,849.6
12186000,2003,3,1531.0
12186000,2003,4,1070.0
12186000,2003,5,1458.0
12186000,2003,6,1715.0
12186000,2003,7,622.1
12186000,2003,8,235.6
12186000,2003,9,247.7
12186000,2003,10,3038.0
12186000,2003,11,1685.0
12186000,2003,12,870.6
12186000,2004,1,883.8
12186000,2004,2,583.3
12186000,2004,3,820.1
12186000,2004,4,1078.0
12186000,2004,5,1786.0
12186000,2004,6,1604.0
12186000,2004,7,619.9
12186000,2004,8,544.6
12186000,2004,9,979.7
12186000,2004,10,609.0
12186000,2004,11,1397.0
12186000,2004,12,1774.0
12186000,2005,1,1758.0
12186000,2005,2,560.0
12186000,2005,3,584.1
12186000,2005,4,1068.0
12186000,2005,5,1193.0
12186000,2005,6,727.7
12186000,2005,7,516.1
12186000,2005,8,225.5
12186000,2005,9,219.8
12186000,2005,10,588.9
12186000,2005,11,1010.0
12186000,2005,12,1218.0
12186000,2006,1,1667.0
12186000,2006,2,705.7
12186000,2006,3,406.3
12186000,2006,4,840.0
12186000,2006,5,2074.0
12186000,2006,6,2290.0
12186000,2006,7,948.7
12186000,2006,8,280.7
12186000,2006,9,196.9
12186000,2006,10,175.1
12186000,2006,11,3248.0
12186000,2006,12,980.1
12186000,2007,1,1261.0
12186000,2007,2,955.7
12186000,2007,3,2210.0
12186000,2007,4,1230.0
12186000,2007,5,1854.0
12186000,2007,6,2069.0
12186000,2007,7,1370.0
12186000,2007,8,442.7
12186000,2007,9,247.8
12186000,2007,10,1117.0
12186000,2007,11,912.2
12186000,2007,12,1454.0
12186000,2008,1,514.1
12186000,2008,2,422.3
12186000,2008,3,630.5
12186000,2008,4,519.6
12186000,2008,5,2589.0
12186000,2008,6,2180.0
12186000,2008,7,1745.0
12186000,2008,8,758.8
12186000,2008,9,289.1
12186000,2008,10,465.6
12186000,2008,11,1547.0
12186000,2008,12,449.4
12186000,2009,1,1272.0
12186000,2009,2,403.9
12186000,2009,3,402.8
12186000,2009,4,899.8
12186000,2009,5,1934.0
12186000,2009,6,2098.0
12186000,2009,7,816.2
12186000,2009,8,327.5
12186000,2009,9,367.6
12186000,2009,10,939.8
12186000,2009,11,1814.0
12186000,2009,12,795.1
12186000,2010,1,1143.0
12186000,2010,2,424.4
12186000,2010,3,519.9
12186000,2010,4,884.7
12186000,2010,5,1338.0
12186000,2010,6,2094.0
12186000,2010,7,1177.0
12186000,2010,8,411.9
12186000,2010,9,658.8
12186000,2010,10,734.8
12186000,2010,11,1205.0
12186000,2010,12,1443.0
12186000,2011,1,1744.0
12186000,2011,2,924.3
12186000,2011,3,811.6
12186000,2011,4,1005.0
12186000,2011,5,1533.0
12186000,2011,6,2534.0
12186000,2011,7,2272.0
12186000,2011,8,1126.0
12186000,2011,9,528.9
12186000,2011,10,816.6
12186000,2011,11,1157.0
12186000,2011,12,907.3
12186000,2012,1,1184.0
12186000,2012,2,970.6
12186000,2012,3,736.6
12186000,2012,4,1465.0
12186000,2012,5,2185.0
12186000,2012,6,2735.0
12186000,2012,7,2388.0
12186000,2012,8,716.5
12186000,2012,9,274.1
12186000,2012,10,1175.0
12186000,2012,11,1777.0
12186000,2012,12,1003.0
12186000,2013,1,623.9
12186000,2013,2,484.3
12186000,2013,3,1155.0
12186000,2013,4,1759.0
12186000,2013,5,2478.0
12186000,2013,6,2102.0
12186000,2013,7,1205.0
12186000,2013,8,464.8
12186000,2013,9,832.8
12186000,2013,10,883.2
12186000,2013,11,1093.0
12186000,2013,12,738.8
12186000,2014,1,1082.0
12186000,2014,2,706.5
12186000,2014,3,2060.0
12186000,2014,4,1280.0
12186000,2014,5,2385.0
12186000,2014,6,2065.0
12186000,2014,7,1466.0
12186000,2014,8,539.9
12186000,2014,9,375.6
12186000,2014,10,1416.0
12186000,2014,11,2552.0
12186000,2014,12,1624.0
12186000,2015,1,1535.0
12186000,2015,2,1673.0
12186000,2015,3,958.8
12186000,2015,4,850.6
12186000,2015,5,975.2
12186000,2015,6,550.0
12186000,2015,7,255.3
12186000,2015,8,223.8
12186000,2015,9,424.4
12186000,2015,10,702.5
12186000,2015,11,2659.0
12186000,2015,12,1812.0
12186000,2016,1,1060.0
12186000,2016,2,1930.0
12186000,2016,3,1357.0
12186000,2016,4,1851.0
12186000,2016,5,1557.0
12186000,2016,6,1347.0
12186000,2016,7,640.3
12186000,2016,8,302.3
12186000,2016,9,351.8
12186000,2016,10,2187.0
12186000,2016,11,1769.0
12186000,2016,12,611.6
12186000,2017,1,578.7
12186000,2017,2,1392.0
12186000,2017,3,1802.0
12186000,2017,4,1218.0
12186000,2017,5,2433.0
12186000,2017,6,2193.0
12186000,2017,7,897.9
12186000,2017,8,319.7
12186000,2017,9,189.0
12186000,2017,10,1200.0
12186000,2017,11,1961.0
12186000,2017,12,892.9
12186000,2018,1,1367.0
12186000,2018,2,1403.0
12186000,2018,3,617.5
12186000,2018,4,1553.0
12186000,2018,5,2914.0
12186000,2018,6,1644.0
12186000,2018,7,970.3
12186000,2018,8,339.1
12186000,2018,9,303.0
12186000,2018,10,504.4
12186000,2018,11,1655.0
12186000,2018,12,1229.0
12186000,2019,1,1133.0
12186000,2019,2,436.1
12186000,2019,3,340.4
12186000,2019,4,1262.0
12186000,2019,5,1707.0
12186000,2019,6,1108.0
12186000,2019,7,492.2
12186000,2019,8,227.5
12186000,2019,9,272.5
12186000,2019,10,941.1
12186000,2019,11,594.6
12186000,2019,12,1003.0
12186000,2020,1,1898.0
12186000,2020,2,1638.0
12186000,2020,3,552.8
12186000,2020,4,1055.0
12186000,2020,5,2405.0
12186000,2020,6,2190.0
12186000,2020,7,1055.0
12186000,2020,8,325.4
12186000,2020,9,437.4
12186000,2020,10,1241.0
12186000,2020,11,1483.0
12186000,2020,12,1212.0
12186000,2021,1,1503.0
12186000,2021,2,653.5
12186000,2021,3,496.1
12186000,2021,4,1000.0
12186000,2021,5,1868.0
12186000,2021,6,3139.0
12189500,1911,4,2685.0
12189500,1911,5,5495.0
12189500,1911,6,8516.0
12189500,1911,7,5629.0
12189500,1911,8,2363.0
12189500,1911,9,2350.0
12189500,1911,10,1104.0
12189500,1911,11,5323.0
12189500,1911,12,3170.0
12189500,1912,1,4001.0
12189500,1912,2,4430.0
12189500,1912,3,1520.0
12189500,1912,4,2408.0
12189500,1912,5,6762.0
12189500,1912,6,9578.0
12189500,1912,7,5178.0
12189500,1928,8,1998.0
12189500,1928,9,1411.0
12189500,1928,10,3488.0
12189500,1928,11,1981.0
12189500,1928,12,1928.0
12189500,1929,1,1275.0
12189500,1929,2,793.2
12189500,1929,3,2185.0
12189500,1929,4,2629.0
12189500,1929,5,6650.0
12189500,1929,6,7807.0
12189500,1929,7,4453.0
12189500,1929,8,2206.0
12189500,1929,9,1225.0
12189500,1929,10,993.5
12189500,1929,11,724.4
12189500,1929,12,2294.0
12189500,1930,1,1306.0
12189500,1930,2,5620.0
12189500,1930,3,2963.0
12189500,1930,4,5260.0
12189500,1930,5,4584.0
12189500,1930,6,5667.0
12189500,1930,7,4135.0
12189500,1930,8,1959.0
12189500,1930,9,1404.0
12189500,1930,10,2089.0
12189500,1930,11,1701.0
12189500,1930,12,1740.0
12189500,1931,1,4301.0
12189500,1931,2,3391.0
12189500,1931,3,4053.0
12189500,1931,4,4253.0
12189500,1931,5,6826.0
12189500,1931,6,7234.0
12189500,1931,7,3699.0
12189500,1931,8,1816.0
12189500,1931,9,2145.0
12189500,1931,10,1994.0
12189500,1931,11,3731.0
12189500,1931,12,3109.0
12189500,1932,1,3043.0
12189500,1932,2,6090.0
12189500,1932,3,5695.0
12189500,1932,4,5511.0
12189500,1932,5,6754.0
12189500,1932,6,8993.0
12189500,1932,7,6040.0
12189500,1932,8,2966.0
12189500,1932,9,1705.0
12189500,1932,10,2825.0
12189500,1932,11,9595.0
12189500,1932,12,5139.0
12189500,1933,1,3890.0
12189500,1933,2,1758.0
12189500,1933,3,3003.0
12189500,1933,4,3625.0
12189500,1933,5,5603.0
12189500,1933,6,10760.0
12189500,1933,7,10120.0
12189500,1933,8,5075.0
12189500,1933,9,3855.0
12189500,1933,10,6203.0
12189500,1933,11,5819.0
12189500,1933,12,11580.0
12189500,1934,1,8136.0
12189500,1934,2,4287.0
12189500,1934,3,6303.0
12189500,1934,4,7375.0
12189500,1934,5,7305.0
12189500,1934,6,5519.0
12189500,1934,7,3934.0
12189500,1934,8,2422.0
12189500,1934,9,1897.0
12189500,1934,10,3281.0
12189500,1934,11,6944.0
12189500,1934,12,4353.0
12189500,1935,1,8381.0
12189500,1935,2,4722.0
12189500,1935,3,2762.0
12189500,1935,4,2386.0
12189500,1935,5,5376.0
12189500,1935,6,7606.0
12189500,1935,7,5465.0
12189500,1935,8,2502.0
12189500,1935,9,2040.0
12189500,1935,10,1424.0
12189500,1935,11,1468.0
12189500,1935,12,1842.0
12189500,1936,1,3220.0
12189500,1936,2,1539.0
12189500,1936,3,2948.0
12189500,1936,4,5311.0
12189500,1936,5,10040.0
12189500,1936,6,9904.0
12189500,1936,7,4348.0
12189500,1936,8,2148.0
12189500,1936,9,1645.0
12189500,1936,10,1183.0
12189500,1936,11,751.3
12189500,1936,12,3923.0
12189500,1937,1,1214.0
12189500,1937,2,1332.0
12189500,1937,3,2903.0
12189500,1937,4,3710.0
12189500,1937,5,6437.0
12189500,1937,6,11430.0
12189500,1937,7,5935.0
12189500,1937,8,2209.0
12189500,1937,9,1498.0
12189500,1937,10,2327.0
12189500,1937,11,6031.0
12189500,1937,12,5399.0
12189500,1938,1,4204.0
12189500,1938,2,1891.0
12189500,1938,3,2638.0
12189500,1938,4,4947.0
12189500,1938,5,6921.0
12189500,1938,6,7940.0
12189500,1938,7,4268.0
12189500,1938,8,1758.0
12189500,1938,9,1426.0
12189500,1938,10,1976.0
12189500,1938,11,2753.0
12189500,1938,12,4234.0
12189500,1939,1,5542.0
12189500,1939,2,2353.0
12189500,1939,3,2834.0
12189500,1939,4,4816.0
12189500,1939,5,7805.0
12189500,1939,6,7171.0
12189500,1939,7,6420.0
12189500,1939,8,2823.0
12189500,1939,9,1589.0
12189500,1939,10,2200.0
12189500,1939,11,3183.0
12189500,1939,12,6585.0
12189500,1940,1,3480.0
12189500,1940,2,3512.0
12189500,1940,3,4148.0
12189500,1940,4,3784.0
12189500,1940,5,6166.0
12189500,1940,6,4469.0
12189500,1940,7,2522.0
12189500,1940,8,1718.0
12189500,1940,9,1371.0
12189500,1940,10,3034.0
12189500,1940,11,2697.0
12189500,1940,12,3906.0
12189500,1941,1,2665.0
12189500,1941,2,2106.0
12189500,1941,3,2168.0
12189500,1941,4,2860.0
12189500,1941,5,4162.0
12189500,1941,6,3715.0
12189500,1941,7,2515.0
12189500,1941,8,1778.0
12189500,1941,9,2991.0
12189500,1941,10,4262.0
12189500,1941,11,3693.0
12189500,1941,12,5692.0
12189500,1942,1,1882.0
12189500,1942,2,1920.0
12189500,1942,3,1863.0
12189500,1942,4,3569.0
12189500,1942,5,5033.0
12189500,1942,6,6933.0
12189500,1942,7,4742.0
12189500,1942,8,1988.0
12189500,1942,9,1089.0
12189500,1942,10,1136.0
12189500,1942,11,3672.0
12189500,1942,12,4283.0
12189500,1943,1,2871.0
12189500,1943,2,3386.0
12189500,1943,3,3410.0
12189500,1943,4,6216.0
12189500,1943,5,5448.0
12189500,1943,6,7964.0
12189500,1943,7,7785.0
12189500,1943,8,2961.0
12189500,1943,9,1653.0
12189500,1943,10,1743.0
12189500,1943,11,1877.0
12189500,1943,12,3444.0
12189500,1944,1,2620.0
12189500,1944,2,2187.0
12189500,1944,3,2175.0
12189500,1944,4,2912.0
12189500,1944,5,5321.0
12189500,1944,6,5679.0
12189500,1944,7,2970.0
12189500,1944,8,1719.0
12189500,1944,9,2412.0
12189500,1944,10,2534.0
12189500,1944,11,3047.0
12189500,1944,12,2816.0
12189500,1945,1,4655.0
12189500,1945,2,4689.0
12189500,1945,3,2765.0
12189500,1945,4,2701.0
12189500,1945,5,7092.0
12189500,1945,6,6098.0
12189500,1945,7,4143.0
12189500,1945,8,1909.0
12189500,1945,9,2132.0
12189500,1945,10,3372.0
12189500,1945,11,4497.0
12189500,1945,12,3458.0
12189500,1946,1,3691.0
12189500,1946,2,2648.0
12189500,1946,3,3290.0
12189500,1946,4,4310.0
12189500,1946,5,9104.0
12189500,1946,6,8635.0
12189500,1946,7,6386.0
12189500,1946,8,2761.0
12189500,1946,9,1547.0
12189500,1946,10,2706.0
12189500,1946,11,2624.0
12189500,1946,12,5429.0
12189500,1947,1,3785.0
12189500,1947,2,4704.0
12189500,1947,3,3470.0
12189500,1947,4,4798.0
12189500,1947,5,7983.0
12189500,1947,6,7149.0
12189500,1947,7,4821.0
12189500,1947,8,2330.0
12189500,1947,9,1751.0
12189500,1947,10,4432.0
12189500,1947,11,4053.0
12189500,1947,12,4233.0
12189500,1948,1,3470.0
12189500,1948,2,2975.0
12189500,1948,3,2366.0
12189500,1948,4,3472.0
12189500,1948,5,8411.0
12189500,1948,6,12610.0
12189500,1948,7,5533.0
12189500,1948,8,3469.0
12189500,1948,9,2703.0
12189500,1948,10,3178.0
12189500,1948,11,3459.0
12189500,1948,12,2760.0
12189500,1949,1,1464.0
12189500,1949,2,2649.0
12189500,1949,3,3881.0
12189500,1949,4,4867.0
12189500,1949,5,10570.0
12189500,1949,6,8217.0
12189500,1949,7,6206.0
12189500,1949,8,3241.0
12189500,1949,9,2540.0
12189500,1949,10,3718.0
12189500,1949,11,8028.0
12189500,1949,12,5642.0
12189500,1950,1,3904.0
12189500,1950,2,4153.0
12189500,1950,3,5395.0
12189500,1950,4,4254.0
12189500,1950,5,6189.0
12189500,1950,6,12430.0
12189500,1950,7,10310.0
12189500,1950,8,4811.0
12189500,1950,9,2175.0
12189500,1950,10,4647.0
12189500,1950,11,6135.0
12189500,1950,12,7418.0
12189500,1951,1,4122.0
12189500,1951,2,9062.0
12189500,1951,3,2775.0
12189500,1951,4,4777.0
12189500,1951,5,7442.0
12189500,1951,6,7628.0
12189500,1951,7,4757.0
12189500,1951,8,2215.0
12189500,1951,9,1853.0
12189500,1951,10,4164.0
12189500,1951,11,3209.0
12189500,1951,12,2760.0
12189500,1952,1,1695.0
12189500,1952,2,3491.0
12189500,1952,3,1798.0
12189500,1952,4,4431.0
12189500,1952,5,7188.0
12189500,1952,6,6590.0
12189500,1952,7,5043.0
12189500,1952,8,2347.0
12189500,1952,9,1511.0
12189500,1952,10,1089.0
12189500,1952,11,886.3
12189500,1952,12,1457.0
12189500,1953,1,7956.0
12189500,1953,2,5615.0
12189500,1953,3,2465.0
12189500,1953,4,3393.0
12189500,1953,5,6029.0
12189500,1953,6,6216.0
12189500,1953,7,7174.0
12189500,1953,8,3492.0
12189500,1953,9,2280.0
12189500,1953,10,3152.0
12189500,1953,11,4284.0
12189500,1953,12,6140.0
12189500,1954,1,3929.0
12189500,1954,2,5686.0
12189500,1954,3,3049.0
12189500,1954,4,3707.0
12189500,1954,5,7119.0
12189500,1954,6,8471.0
12189500,1954,7,10140.0
12189500,1954,8,5452.0
12189500,1954,9,3583.0
12189500,1954,10,2942.0
12189500,1954,11,6513.0
12189500,1954,12,3832.0
12189500,1955,1,2532.0
12189500,1955,2,3083.0
12189500,1955,3,1523.0
12189500,1955,4,3311.0
12189500,1955,5,5212.0
12189500,1955,6,11480.0
12189500,1955,7,9099.0
12189500,1955,8,4173.0
12189500,1955,9,2070.0
12189500,1955,10,5580.0
12189500,1955,11,7752.0
12189500,1955,12,5055.0
12189500,1956,1,3273.0
12189500,1956,2,1627.0
12189500,1956,3,2328.0
12189500,1956,4,4970.0
12189500,1956,5,9054.0
12189500,1956,6,9709.0
12189500,1956,7,8068.0
12189500,1956,8,3122.0
12189500,1956,9,2562.0
12189500,1956,10,4780.0
12189500,1956,11,3832.0
12189500,1956,12,6922.0
12189500,1957,1,2238.0
12189500,1957,2,3594.0
12189500,1957,3,3696.0
12189500,1957,4,4175.0
12189500,1957,5,9197.0
12189500,1957,6,7326.0
12189500,1957,7,3975.0
12189500,1957,8,2211.0
12189500,1957,9,1648.0
12189500,1957,10,1704.0
12189500,1957,11,2040.0
12189500,1957,12,3213.0
12189500,1958,1,4275.0
12189500,1958,2,3945.0
12189500,1958,3,2412.0
12189500,1958,4,3369.0
12189500,1958,5,8134.0
12189500,1958,6,6741.0
12189500,1958,7,3195.0
12189500,1958,8,1882.0
12189500,1958,9,2115.0
12189500,1958,10,3744.0
12189500,1958,11,7046.0
12189500,1958,12,7571.0
12189500,1959,1,5952.0
12189500,1959,2,2506.0
12189500,1959,3,2950.0
12189500,1959,4,5934.0
12189500,1959,5,6626.0
12189500,1959,6,9347.0
12189500,1959,7,7673.0
12189500,1959,8,3015.0
12189500,1959,9,4941.0
12189500,1959,10,6380.0
12189500,1959,11,8827.0
12189500,1959,12,5832.0
12189500,1960,1,2714.0
12189500,1960,2,3756.0
12189500,1960,3,2769.0
12189500,1960,4,4527.0
12189500,1960,5,6077.0
12189500,1960,6,7762.0
12189500,1960,7,5575.0
12189500,1960,8,2655.0
12189500,1960,9,1981.0
12189500,1960,10,2776.0
12189500,1960,11,4947.0
12189500,1960,12,3456.0
12189500,1961,1,6406.0
12189500,1961,2,6850.0
12189500,1961,3,3865.0
12189500,1961,4,3450.0
12189500,1961,5,6444.0
12189500,1961,6,10300.0
12189500,1961,7,4660.0
12189500,1961,8,2274.0
12189500,1961,9,1758.0
12189500,1961,10,2780.0
12189500,1961,11,2847.0
12189500,1961,12,4427.0
12189500,1962,1,6507.0
12189500,1962,2,3135.0
12189500,1962,3,1735.0
12189500,1962,4,4148.0
12189500,1962,5,4235.0
12189500,1962,6,7480.0
12189500,1962,7,5439.0
12189500,1962,8,3190.0
12189500,1962,9,2154.0
12189500,1962,10,2454.0
12189500,1962,11,5271.0
12189500,1962,12,6234.0
12189500,1963,1,3655.0
12189500,1963,2,5945.0
12189500,1963,3,2749.0
12189500,1963,4,3025.0
12189500,1963,5,4878.0
12189500,1963,6,5477.0
12189500,1963,7,3640.0
12189500,1963,8,2296.0
12189500,1963,9,1720.0
12189500,1963,10,3023.0
12189500,1963,11,5465.0
12189500,1963,12,4575.0
12189500,1964,1,5285.0
12189500,1964,2,2871.0
12189500,1964,3,2618.0
12189500,1964,4,3133.0
12189500,1964,5,5577.0
12189500,1964,6,11120.0
12189500,1964,7,9498.0
12189500,1964,8,4725.0
12189500,1964,9,3066.0
12189500,1964,10,3448.0
12189500,1964,11,3277.0
12189500,1964,12,4500.0
12189500,1965,1,4369.0
12189500,1965,2,5343.0
12189500,1965,3,2945.0
12189500,1965,4,4286.0
12189500,1965,5,6160.0
12189500,1965,6,7581.0
12189500,1965,7,5642.0
12189500,1965,8,3074.0
12189500,1965,9,1576.0
12189500,1965,10,2162.0
12189500,1965,11,3372.0
12189500,1965,12,2909.0
12189500,1966,1,3351.0
12189500,1966,2,1935.0
12189500,1966,3,2994.0
12189500,1966,4,4466.0
12189500,1966,5,6610.0
12189500,1966,6,7107.0
12189500,1966,7,5540.0
12189500,1966,8,2612.0
12189500,1966,9,1500.0
12189500,1966,10,2782.0
12189500,1966,11,2912.0
12189500,1966,12,7373.0
12189500,1967,1,5279.0
12189500,1967,2,3832.0
12189500,1967,3,2903.0
12189500,1967,4,2106.0
12189500,1967,5,5907.0
12189500,1967,6,11760.0
12189500,1967,7,6613.0
12189500,1967,8,2854.0
12189500,1967,9,1904.0
12189500,1967,10,6770.0
12189500,1967,11,4702.0
12189500,1967,12,5751.0
12189500,1968,1,7166.0
12189500,1968,2,6911.0
12189500,1968,3,4549.0
12189500,1968,4,3181.0
12189500,1968,5,5894.0
12189500,1968,6,8734.0
12189500,1968,7,5844.0
12189500,1968,8,2909.0
12189500,1968,9,3131.0
12189500,1968,10,3153.0
12189500,1968,11,4869.0
12189500,1968,12,4201.0
12189500,1969,1,3887.0
12189500,1969,2,1664.0
12189500,1969,3,2529.0
12189500,1969,4,4381.0
12189500,1969,5,9345.0
12189500,1969,6,9984.0
12189500,1969,7,3917.0
12189500,1969,8,2039.0
12189500,1969,9,2849.0
12189500,1969,10,2953.0
12189500,1969,11,2674.0
12189500,1969,12,2925.0
12189500,1970,1,3944.0
12189500,1970,2,3694.0
12189500,1970,3,2493.0
12189500,1970,4,3119.0
12189500,1970,5,4760.0
12189500,1970,6,8263.0
12189500,1970,7,3954.0
12189500,1970,8,1929.0
12189500,1970,9,2043.0
12189500,1970,10,1792.0
12189500,1970,11,3516.0
12189500,1970,12,3383.0
12189500,1971,1,5851.0
12189500,1971,2,6440.0
12189500,1971,3,3283.0
12189500,1971,4,3575.0
12189500,1971,5,9114.0
12189500,1971,6,8707.0
12189500,1971,7,10240.0
12189500,1971,8,4643.0
12189500,1971,9,2228.0
12189500,1971,10,2056.0
12189500,1971,11,3655.0
12189500,1971,12,2681.0
12189500,1972,1,3503.0
12189500,1972,2,5905.0
12189500,1972,3,9443.0
12189500,1972,4,4169.0
12189500,1972,5,9665.0
12189500,1972,6,12070.0
12189500,1972,7,10610.0
12189500,1972,8,5177.0
12189500,1972,9,3618.0
12189500,1972,10,1938.0
12189500,1972,11,2635.0
12189500,1972,12,5887.0
12189500,1973,1,4165.0
12189500,1973,2,1879.0
12189500,1973,3,2047.0
12189500,1973,4,2135.0
12189500,1973,5,5424.0
12189500,1973,6,5939.0
12189500,1973,7,3995.0
12189500,1973,8,2205.0
12189500,1973,9,1781.0
12189500,1973,10,2690.0
12189500,1973,11,3957.0
12189500,1973,12,5751.0
12189500,1974,1,8615.0
12189500,1974,2,3625.0
12189500,1974,3,4525.0
12189500,1974,4,4063.0
12189500,1974,5,5968.0
12189500,1974,6,13520.0
12189500,1974,7,10270.0
12189500,1974,8,5529.0
12189500,1974,9,2515.0
12189500,1974,10,1127.0
12189500,1974,11,3607.0
12189500,1974,12,4848.0
12189500,1975,1,4682.0
12189500,1975,2,3003.0
12189500,1975,3,3060.0
12189500,1975,4,2039.0
12189500,1975,5,6337.0
12189500,1975,6,9549.0
12189500,1975,7,8867.0
12189500,1975,8,3369.0
12189500,1975,9,1968.0
12189500,1975,10,4128.0
12189500,1975,11,7767.0
12189500,1975,12,10990.0
12189500,1976,1,6089.0
12189500,1976,2,3531.0
12189500,1976,3,2482.0
12189500,1976,4,3466.0
12189500,1976,5,7672.0
12189500,1976,6,7334.0
12189500,1976,7,8682.0
12189500,1976,8,5427.0
12189500,1976,9,2991.0
12189500,1976,10,1566.0
12189500,1976,11,1926.0
12189500,1976,12,2564.0
12189500,1977,1,2997.0
12189500,1977,2,2520.0
12189500,1977,3,2413.0
12189500,1977,4,3925.0
12189500,1977,5,4061.0
12189500,1977,6,6099.0
12189500,1977,7,2872.0
12189500,1977,8,2695.0
12189500,1977,9,2280.0
12189500,1977,10,1904.0
12189500,1977,11,6378.0
12189500,1977,12,8918.0
12189500,1978,1,3479.0
12189500,1978,2,2656.0
12189500,1978,3,3342.0
12189500,1978,4,3159.0
12189500,1978,5,4702.0
12189500,1978,6,7438.0
12189500,1978,7,5527.0
12189500,1978,8,2944.0
12189500,1978,9,4014.0
12189500,1978,10,1931.0
12189500,1978,11,3351.0
12189500,1978,12,2104.0
12189500,1979,1,1199.0
12189500,1979,2,2665.0
12189500,1979,3,4349.0
12189500,1979,4,2997.0
12189500,1979,5,6397.0
12189500,1979,6,6147.0
12189500,1979,7,4350.0
12189500,1979,8,2104.0
12189500,1979,9,1809.0
12189500,1979,10,1830.0
12189500,1979,11,1210.0
12189500,1979,12,9297.0
12189500,1980,1,2637.0
12189500,1980,2,3983.0
12189500,1980,3,3072.0
12189500,1980,4,4625.0
12189500,1980,5,5748.0
12189500,1980,6,5529.0
12189500,1980,7,4113.0
12189500,1980,8,2293.0
12189500,1980,9,2520.0
12189500,1980,10,1629.0
12189500,1980,11,6380.0
12189500,1980,12,9611.0
12189500,1981,1,3038.0
12189500,1981,2,5038.0
12189500,1981,3,2135.0
12189500,1981,4,4279.0
12189500,1981,5,5165.0
12189500,1981,6,6485.0
12189500,1981,7,4468.0
12189500,1981,8,2537.0
12189500,1981,9,2011.0
12189500,1981,10,3315.0
12189500,1981,11,3119.0
12189500,1981,12,3827.0
12189500,1982,1,3502.0
12189500,1982,2,7691.0
12189500,1982,3,3496.0
12189500,1982,4,2903.0
12189500,1982,5,5934.0
12189500,1982,6,11260.0
12189500,1982,7,7408.0
12189500,1982,8,3664.0
12189500,1982,9,2421.0
12189500,1982,10,2694.0
12189500,1982,11,2903.0
12189500,1982,12,5044.0
12189500,1983,1,5706.0
12189500,1983,2,3569.0
12189500,1983,3,3744.0
12189500,1983,4,2825.0
12189500,1983,5,5565.0
12189500,1983,6,6408.0
12189500,1983,7,6073.0
12189500,1983,8,3095.0
12189500,1983,9,2505.0
12189500,1983,10,1633.0
12189500,1983,11,6204.0
12189500,1983,12,2280.0
12189500,1984,1,7148.0
12189500,1984,2,3474.0
12189500,1984,3,3466.0
12189500,1984,4,2690.0
12189500,1984,5,4945.0
12189500,1984,6,7987.0
12189500,1984,7,6606.0
12189500,1984,8,3180.0
12189500,1984,9,2133.0
12189500,1984,10,2496.0
12189500,1984,11,4025.0
12189500,1984,12,2785.0
12189500,1985,1,2240.0
12189500,1985,2,1776.0
12189500,1985,3,1717.0
12189500,1985,4,4837.0
12189500,1985,5,6703.0
12189500,1985,6,8651.0
12189500,1985,7,4523.0
12189500,1985,8,2006.0
12189500,1985,9,1959.0
12189500,1985,10,4908.0
12189500,1985,11,5553.0
12189500,1985,12,1721.0
12189500,1986,1,5292.0
12189500,1986,2,5165.0
12189500,1986,3,4092.0
12189500,1986,4,2977.0
12189500,1986,5,5465.0
12189500,1986,6,6196.0
12189500,1986,7,3420.0
12189500,1986,8,2201.0
12189500,1986,9,1523.0
12189500,1986,10,1655.0
12189500,1986,11,5541.0
12189500,1986,12,2759.0
12189500,1987,1,2867.0
12189500,1987,2,3082.0
12189500,1987,3,4286.0
12189500,1987,4,4409.0
12189500,1987,5,7237.0
12189500,1987,6,5496.0
12189500,1987,7,2918.0
12189500,1987,8,1696.0
12189500,1987,9,1268.0
12189500,1987,10,750.5
12189500,1987,11,1252.0
12189500,1987,12,3058.0
12189500,1988,1,2206.0
12189500,1988,2,2712.0
12189500,1988,3,3900.0
12189500,1988,4,6763.0
12189500,1988,5,7278.0
12189500,1988,6,7156.0
12189500,1988,7,5329.0
12189500,1988,8,2256.0
12189500,1988,9,1748.0
12189500,1988,10,3451.0
12189500,1988,11,5420.0
12189500,1988,12,3958.0
12189500,1989,1,3600.0
12189500,1989,2,1970.0
12189500,1989,3,2634.0
12189500,1989,4,5451.0
12189500,1989,5,5995.0
12189500,1989,6,7806.0
12189500,1989,7,4270.0
12189500,1989,8,2242.0
12189500,1989,9,1238.0
12189500,1989,10,1554.0
12189500,1989,11,7542.0
12189500,1989,12,6976.0
12189500,1990,1,5242.0
12189500,1990,2,3740.0
12189500,1990,3,3503.0
12189500,1990,4,6249.0
12189500,1990,5,5538.0
12189500,1990,6,8712.0
12189500,1990,7,6379.0
12189500,1990,8,2503.0
12189500,1990,9,1701.0
12189500,1990,10,5254.0
12189500,1990,11,14650.0
12189500,1990,12,5375.0
12189500,1991,1,4736.0
12189500,1991,2,8284.0
12189500,1991,3,3194.0
12189500,1991,4,4460.0
12189500,1991,5,5436.0
12189500,1991,6,6762.0
12189500,1991,7,7468.0
12189500,1991,8,3705.0
12189500,1991,9,1770.0
12189500,1991,10,1087.0
12189500,1991,11,4904.0
12189500,1991,12,4185.0
12189500,1992,1,5014.0
12189500,1992,2,4640.0
12189500,1992,3,3168.0
12189500,1992,4,3884.0
12189500,1992,5,4531.0
12189500,1992,6,4313.0
12189500,1992,7,3138.0
12189500,1992,8,1980.0
12189500,1992,9,2179.0
12189500,1992,10,1630.0
12189500,1992,11,2682.0
12189500,1992,12,2414.0
12189500,1993,1,2727.0
12189500,1993,2,2375.0
12189500,1993,3,3233.0
12189500,1993,4,3473.0
12189500,1993,5,8827.0
12189500,1993,6,6181.0
12189500,1993,7,3591.0
12189500,1993,8,2382.0
12189500,1993,9,1318.0
12189500,1993,10,1265.0
12189500,1993,11,1406.0
12189500,1993,12,3617.0
12189500,1994,1,4133.0
12189500,1994,2,2115.0
12189500,1994,3,4682.0
12189500,1994,4,4480.0
12189500,1994,5,5516.0
12189500,1994,6,4797.0
12189500,1994,7,3505.0
12189500,1994,8,1625.0
12189500,1994,9,1540.0
12189500,1994,10,2349.0
12189500,1994,11,2856.0
12189500,1994,12,7073.0
12189500,1995,1,4038.0
12189500,1995,2,8176.0
12189500,1995,3,3964.0
12189500,1995,4,2770.0
12189500,1995,5,6127.0
12189500,1995,6,6042.0
12189500,1995,7,4512.0
12189500,1995,8,2767.0
12189500,1995,9,1549.0
12189500,1995,10,4958.0
12189500,1995,11,14690.0
12189500,1995,12,7711.0
12189500,1996,1,6331.0
12189500,1996,2,8208.0
12189500,1996,3,3169.0
12189500,1996,4,4508.0
12189500,1996,5,4392.0
12189500,1996,6,5485.0
12189500,1996,7,4770.0
12189500,1996,8,2237.0
12189500,1996,9,1755.0
12189500,1996,10,3417.0
12189500,1996,11,4472.0
12189500,1996,12,3430.0
12189500,1997,1,7084.0
12189500,1997,2,4446.0
12189500,1997,3,6477.0
12189500,1997,4,4960.0
12189500,1997,5,9673.0
12189500,1997,6,10580.0
12189500,1997,7,8158.0
12189500,1997,8,3561.0
12189500,1997,9,3503.0
12189500,1997,10,6707.0
12189500,1997,11,4967.0
12189500,1997,12,3691.0
12189500,1998,1,4413.0
12189500,1998,2,2756.0
12189500,1998,3,2882.0
12189500,1998,4,2870.0
12189500,1998,5,6474.0
12189500,1998,6,6140.0
12189500,1998,7,3822.0
12189500,1998,8,1714.0
12189500,1998,9,1174.0
12189500,1998,10,1499.0
12189500,1998,11,4869.0
12189500,1998,12,6071.0
12189500,1999,1,5680.0
12189500,1999,2,3670.0
12189500,1999,3,3112.0
12189500,1999,4,3076.0
12189500,1999,5,5880.0
12189500,1999,6,9741.0
12189500,1999,7,9053.0
12189500,1999,8,5064.0
12189500,1999,9,1585.0
12189500,1999,10,2619.0
12189500,1999,11,7594.0
12189500,1999,12,6619.0
12189500,2000,1,2817.0
12189500,2000,2,2426.0
12189500,2000,3,2325.0
12189500,2000,4,4427.0
12189500,2000,5,5901.0
12189500,2000,6,9208.0
12189500,2000,7,5501.0
12189500,2000,8,2580.0
12189500,2000,9,2004.0
12189500,2000,10,2335.0
12189500,2000,11,1673.0
12189500,2000,12,1809.0
12189500,2001,1,2117.0
12189500,2001,2,1491.0
12189500,2001,3,2207.0
12189500,2001,4,2816.0
12189500,2001,5,5794.0
12189500,2001,6,4821.0
12189500,2001,7,3355.0
12189500,2001,8,2079.0
12189500,2001,9,1333.0
12189500,2001,10,2666.0
12189500,2001,11,5882.0
12189500,2001,12,4461.0
12189500,2002,1,6217.0
12189500,2002,2,4992.0
12189500,2002,3,2853.0
12189500,2002,4,5078.0
12189500,2002,5,6114.0
12189500,2002,6,10870.0
12189500,2002,7,7154.0
12189500,2002,8,2551.0
12189500,2002,9,1456.0
12189500,2002,10,965.4
12189500,2002,11,2345.0
12189500,2002,12,2344.0
12189500,2003,1,5409.0
12189500,2003,2,3092.0
12189500,2003,3,5426.0
12189500,2003,4,3794.0
12189500,2003,5,4660.0
12189500,2003,6,5817.0
12189500,2003,7,2847.0
12189500,2003,8,1513.0
12189500,2003,9,1175.0
12189500,2003,10,7310.0
12189500,2003,11,7442.0
12189500,2003,12,5337.0
12189500,2004,1,4226.0
12189500,2004,2,2994.0
12189500,2004,3,3150.0
12189500,2004,4,3933.0
12189500,2004,5,6326.0
12189500,2004,6,5392.0
12189500,2004,7,2859.0
12189500,2004,8,2806.0
12189500,2004,9,3746.0
12189500,2004,10,2780.0
12189500,2004,11,5015.0
12189500,2004,12,6682.0
12189500,2005,1,6371.0
12189500,2005,2,2409.0
12189500,2005,3,2462.0
12189500,2005,4,4505.0
12189500,2005,5,4637.0
12189500,2005,6,3293.0
12189500,2005,7,2568.0
12189500,2005,8,1552.0
12189500,2005,9,1161.0
12189500,2005,10,2173.0
12189500,2005,11,3124.0
12189500,2005,12,4396.0
12189500,2006,1,7567.0
12189500,2006,2,3643.0
12189500,2006,3,1993.0
12189500,2006,4,3209.0
12189500,2006,5,7114.0
12189500,2006,6,8266.0
12189500,2006,7,4229.0
12189500,2006,8,1694.0
12189500,2006,9,1219.0
12189500,2006,10,970.6
12189500,2006,11,10710.0
12189500,2006,12,4960.0
12189500,2007,1,5267.0
12189500,2007,2,4594.0
12189500,2007,3,9339.0
12189500,2007,4,4715.0
12189500,2007,5,6458.0
12189500,2007,6,7911.0
12189500,2007,7,5771.0
12189500,2007,8,1980.0
12189500,2007,9,1194.0
12189500,2007,10,3683.0
12189500,2007,11,3099.0
12189500,2007,12,5883.0
12189500,2008,1,2299.0
12189500,2008,2,2099.0
12189500,2008,3,2470.0
12189500,2008,4,2048.0
12189500,2008,5,10410.0
12189500,2008,6,9703.0
12189500,2008,7,8062.0
12189500,2008,8,3314.0
12189500,2008,9,1616.0
12189500,2008,10,1984.0
12189500,2008,11,6699.0
12189500,2008,12,2415.0
12189500,2009,1,5899.0
12189500,2009,2,2095.0
12189500,2009,3,2099.0
12189500,2009,4,3926.0
12189500,2009,5,7631.0
12189500,2009,6,9121.0
12189500,2009,7,4215.0
12189500,2009,8,2088.0
12189500,2009,9,1709.0
12189500,2009,10,3704.0
12189500,2009,11,7504.0
12189500,2009,12,3498.0
12189500,2010,1,4899.0
12189500,2010,2,2055.0
12189500,2010,3,2197.0
12189500,2010,4,3372.0
12189500,2010,5,4968.0
12189500,2010,6,7714.0
12189500,2010,7,5247.0
12189500,2010,8,2368.0
12189500,2010,9,2722.0
12189500,2010,10,2535.0
12189500,2010,11,4362.0
12189500,2010,12,5750.0
12189500,2011,1,6379.0
12189500,2011,2,3688.0
12189500,2011,3,3468.0
12189500,2011,4,4325.0
12189500,2011,5,5563.0
12189500,2011,6,8976.0
12189500,2011,7,8435.0
12189500,2011,8,4690.0
12189500,2011,9,2286.0
12189500,2011,10,2870.0
12189500,2011,11,4120.0
12189500,2011,12,3110.0
12189500,2012,1,4386.0
12189500,2012,2,3721.0
12189500,2012,3,3265.0
12189500,2012,4,5427.0
12189500,2012,5,7710.0
12189500,2012,6,10020.0
12189500,2012,7,9698.0
12189500,2012,8,3606.0
12189500,2012,9,1532.0
12189500,2012,10,4146.0
12189500,2012,11,6520.0
12189500,2012,12,4365.0
12189500,2013,1,3128.0
12189500,2013,2,2535.0
12189500,2013,3,4703.0
12189500,2013,4,6062.0
12189500,2013,5,8590.0
12189500,2013,6,8198.0
12189500,2013,7,5635.0
12189500,2013,8,2654.0
12189500,2013,9,3373.0
12189500,2013,10,3156.0
12189500,2013,11,3919.0
12189500,2013,12,2965.0
12189500,2014,1,4484.0
12189500,2014,2,3092.0
12189500,2014,3,8243.0
12189500,2014,4,4879.0
12189500,2014,5,8504.0
12189500,2014,6,8036.0
12189500,2014,7,6547.0
12189500,2014,8,2750.0
12189500,2014,9,1691.0
12189500,2014,10,3875.0
12189500,2014,11,7817.0
12189500,2014,12,6055.0
12189500,2015,1,5964.0
12189500,2015,2,6139.0
12189500,2015,3,3702.0
12189500,2015,4,3104.0
12189500,2015,5,3850.0
12189500,2015,6,2917.0
12189500,2015,7,1649.0
12189500,2015,8,1284.0
12189500,2015,9,1581.0
12189500,2015,10,2184.0
12189500,2015,11,8396.0
12189500,2015,12,6375.0
12189500,2016,1,4577.0
12189500,2016,2,6720.0
12189500,2016,3,4932.0
12189500,2016,4,5840.0
12189500,2016,5,5569.0
12189500,2016,6,5166.0
12189500,2016,7,3431.0
12189500,2016,8,1733.0
12189500,2016,9,1544.0
12189500,2016,10,7085.0
12189500,2016,11,6573.0
12189500,2016,12,2869.0
12189500,2017,1,2483.0
12189500,2017,2,5564.0
12189500,2017,3,6975.0
12189500,2017,4,4731.0
12189500,2017,5,8938.0
12189500,2017,6,8356.0
12189500,2017,7,4036.0
12189500,2017,8,1830.0
12189500,2017,9,1121.0
12189500,2017,10,3725.0
12189500,2017,11,7755.0
12189500,2017,12,3718.0
12189500,2018,1,5414.0
12189500,2018,2,5922.0
12189500,2018,3,2566.0
12189500,2018,4,5410.0
12189500,2018,5,10170.0
12189500,2018,6,6053.0
12189500,2018,7,4210.0
12189500,2018,8,1809.0
12189500,2018,9,1372.0
12189500,2018,10,1678.0
12189500,2018,11,5957.0
12189500,2018,12,4544.0
12189500,2019,1,4717.0
12189500,2019,2,1993.0
12189500,2019,3,1638.0
12189500,2019,4,4466.0
12189500,2019,5,5948.0
12189500,2019,6,4426.0
12189500,2019,7,2386.0
12189500,2019,8,1438.0
12189500,2019,9,1479.0
12189500,2019,10,3505.0
12189500,2019,11,2314.0
12189500,2019,12,3978.0
12189500,2020,1,7093.0
12189500,2020,2,6231.0
12189500,2020,3,2233.0
12189500,2020,4,3325.0
12189500,2020,5,8277.0
12189500,2020,6,7860.0
12189500,2020,7,4691.0
12189500,2020,8,1993.0
12189500,2020,9,1910.0
12189500,2020,10,4667.0
12189500,2020,11,5621.0
12189500,2020,12,4887.0
12189500,2021,1,6323.0
12189500,2021,2,3174.0
12189500,2021,3,2445.0
12189500,2021,4,3848.0
12189500,2021,5,6660.0
12189500,2021,6,12710.0
12201500,1943,8,35.0
12201500,1943,9,30.5
12201500,1943,10,55.2
12201500,1943,11,64.2
12201500,1943,12,220.8
12201500,1944,1,232.2
12201500,1944,2,254.4
12201500,1944,3,202.6
12201500,1944,4,150.9
12201500,1944,5,125.1
12201500,1944,6,80.9
12201500,1944,7,27.4
12201500,1944,8,25.1
12201500,1944,9,44.1
12201500,1944,10,50.0
12201500,1944,11,298.4
12201500,1944,12,231.0
12201500,1945,1,737.5
12201500,1945,2,385.9
12201500,1945,3,319.3
12201500,1945,4,257.5
12201500,1945,5,174.3
12201500,1945,6,49.9
12201500,1945,7,27.7
12201500,1945,8,25.2
12201500,1945,9,38.7
12201500,1945,10,443.8
12201500,1945,11,648.7
12201500,1945,12,369.9
12201500,1946,1,552.0
12201500,1946,2,556.2
12201500,1946,3,546.6
12201500,1946,4,400.5
12201500,1946,5,183.0
12201500,1946,6,136.5
12201500,1946,7,71.9
12201500,1946,8,30.9
12201500,1946,9,29.4
12201500,1946,10,84.4
12201500,1946,11,181.2
12201500,1946,12,490.1
12201500,1947,1,529.7
12201500,1947,2,360.1
12201500,1947,3,280.2
12201500,1947,4,293.0
12201500,1947,5,112.8
12201500,1947,6,70.0
12201500,1947,7,41.4
12201500,1947,8,31.0
12201500,1947,9,41.2
12201500,1947,10,193.6
12201500,1947,11,391.4
12201500,1947,12,445.9
12201500,1948,1,476.3
12201500,1948,2,405.4
12201500,1948,3,316.7
12201500,1948,4,243.8
12201500,1948,5,259.6
12201500,1948,6,159.3
12201500,1948,7,65.4
12201500,1948,8,69.2
12201500,1948,9,80.2
12201500,1948,10,145.7
12201500,1948,11,419.9
12201500,1948,12,582.0
12201500,1949,1,203.3
12201500,1949,2,655.6
12201500,1949,3,439.5
12201500,1949,4,216.4
12201500,1949,5,184.2
12201500,1949,6,66.2
12201500,1949,7,50.2
12201500,1949,8,39.0
12201500,1949,9,54.9
12201500,1949,10,112.5
12201500,1949,11,264.3
12201500,1949,12,798.4
12201500,1950,1,555.3
12201500,1950,2,686.5
12201500,1950,3,698.3
12201500,1950,4,468.6
12201500,1950,5,202.5
12201500,1950,6,102.6
12201500,1950,7,46.4
12201500,1950,8,38.0
12201500,1950,9,33.6
12201500,1950,10,149.0
12201500,1950,11,339.7
12201500,1950,12,589.0
12201500,1951,1,618.1
12201500,1951,2,789.2
12201500,1951,3,393.7
12201500,1951,4,179.4
12201500,1951,5,137.7
12201500,1951,6,54.2
12201500,1951,7,26.8
12201500,1951,8,21.1
12201500,1951,9,20.9
12201500,1951,10,97.6
12201500,1951,11,194.2
12201500,1951,12,312.5
12201500,1952,1,300.9
12201500,1952,2,377.0
12201500,1952,3,296.7
12201500,1952,4,235.7
12201500,1952,5,169.5
12201500,1952,6,78.3
12201500,1952,7,42.0
12201500,1952,8,27.4
12201500,1952,9,25.1
12201500,1952,10,25.5
12201500,1952,11,30.4
12201500,1952,12,89.2
12201500,1953,1,578.4
12201500,1953,2,546.3
12201500,1953,3,298.8
12201500,1953,4,292.1
12201500,1953,5,165.4
12201500,1953,6,121.9
12201500,1953,7,51.4
12201500,1953,8,29.0
12201500,1953,9,27.7
12201500,1953,10,117.1
12201500,1953,11,408.5
12201500,1953,12,854.0
12201500,1954,1,615.2
12201500,1954,2,489.6
12201500,1954,3,233.8
12201500,1954,4,220.6
12201500,1954,5,133.3
12201500,1954,6,124.0
12201500,1954,7,91.4
12201500,1954,8,83.5
12201500,1954,9,69.2
12201500,1954,10,92.9
12201500,1954,11,410.0
12201500,1954,12,328.2
12201500,1955,1,401.4
12201500,1955,2,466.9
12201500,1955,3,332.8
12201500,1955,4,345.2
12201500,1955,5,239.6
12201500,1955,6,181.5
12201500,1955,7,118.5
12201500,1955,8,64.9
12201500,1955,9,37.1
12201500,1955,10,155.4
12201500,1955,11,495.7
12201500,1955,12,558.2
12201500,1956,1,462.3
12201500,1956,2,261.7
12201500,1956,3,424.2
12201500,1956,4,292.4
12201500,1956,5,122.6
12201500,1956,6,114.5
12201500,1956,7,54.8
12201500,1956,8,30.6
12201500,1956,9,45.3
12201500,1956,10,497.3
12201500,1956,11,325.7
12201500,1956,12,804.6
12201500,1957,1,292.7
12201500,1957,2,401.1
12201500,1957,3,474.3
12201500,1957,4,263.9
12201500,1957,5,119.7
12201500,1957,6,65.7
12201500,1957,7,43.1
12201500,1957,8,30.2
12201500,1957,9,24.6
12201500,1957,10,39.5
12201500,1957,11,92.0
12201500,1957,12,266.2
12201500,1958,1,404.0
12201500,1958,2,445.2
12201500,1958,3,205.2
12201500,1958,4,198.9
12201500,1958,5,84.3
12201500,1958,6,41.2
12201500,1958,7,23.0
12201500,1958,8,19.1
12201500,1958,9,21.8
12201500,1958,10,206.3
12201500,1958,11,593.9
12201500,1958,12,388.5
12201500,1959,1,603.5
12201500,1959,2,375.6
12201500,1959,3,372.8
12201500,1959,4,476.9
12201500,1959,5,261.8
12201500,1959,6,121.4
12201500,1959,7,51.0
12201500,1959,8,31.4
12201500,1959,9,134.4
12201500,1959,10,214.0
12201500,1959,11,548.0
12201500,1959,12,486.5
12201500,1960,1,400.9
12201500,1960,2,475.1
12201500,1960,3,266.2
12201500,1960,4,303.7
12201500,1960,5,234.9
12201500,1960,6,128.1
12201500,1960,7,43.0
12201500,1960,8,36.5
12201500,1960,9,41.3
12201500,1960,10,82.4
12201500,1960,11,286.5
12201500,1960,12,192.1
12201500,1961,1,371.8
12201500,1961,2,988.0
12201500,1961,3,503.1
12201500,1961,4,363.5
12201500,1961,5,199.3
12201500,1961,6,88.4
12201500,1961,7,44.2
12201500,1961,8,29.7
12201500,1961,9,33.6
12201500,1961,10,105.1
12201500,1961,11,220.0
12201500,1961,12,418.4
12201500,1962,1,464.5
12201500,1962,2,244.1
12201500,1962,3,253.7
12201500,1962,4,238.5
12201500,1962,5,174.4
12201500,1962,6,87.3
12201500,1962,7,36.3
12201500,1962,8,60.0
12201500,1962,9,52.2
12201500,1962,10,125.6
12201500,1962,11,379.4
12201500,1962,12,404.4
12201500,1963,1,360.6
12201500,1963,2,236.2
12201500,1963,3,215.7
12201500,1963,4,262.1
12201500,1963,5,147.7
12201500,1963,6,59.7
12201500,1963,7,54.1
12201500,1963,8,37.0
12201500,1963,9,27.0
12201500,1963,10,96.8
12201500,1963,11,465.4
12201500,1963,12,474.7
12201500,1964,1,567.4
12201500,1964,2,409.2
12201500,1964,3,426.9
12201500,1964,4,417.9
12201500,1964,5,295.5
12201500,1964,6,181.5
12201500,1964,7,87.6
12201500,1964,8,66.4
12201500,1964,9,118.9
12201500,1964,10,207.7
12201500,1964,11,289.0
12201500,1964,12,468.2
12201500,1965,1,811.4
12201500,1965,2,921.1
12201500,1965,3,241.3
12201500,1965,4,169.4
12201500,1965,5,161.3
12201500,1965,6,77.7
12201500,1965,7,34.8
12201500,1965,8,40.3
12201500,1965,9,32.8
12201500,1965,10,103.8
12201500,1965,11,220.7
12201500,1965,12,275.2
12201500,1966,1,511.6
12201500,1966,2,271.9
12201500,1966,3,431.1
12201500,1966,4,267.4
12201500,1966,5,175.6
12201500,1966,6,92.5
12201500,1966,7,74.1
12201500,1966,8,37.9
12201500,1966,9,37.5
12201500,1966,10,121.1
12201500,1966,11,232.1
12201500,1966,12,582.5
12201500,1967,1,769.1
12201500,1967,2,595.4
12201500,1967,3,364.1
12201500,1967,4,203.9
12201500,1967,5,166.1
12201500,1967,6,72.7
12201500,1967,7,35.6
12201500,1967,8,24.9
12201500,1967,9,24.8
12201500,1967,10,226.5
12201500,1967,11,252.9
12201500,1967,12,628.7
12201500,1968,1,451.3
12201500,1968,2,383.8
12201500,1968,3,336.7
12201500,1968,4,274.4
12201500,1968,5,190.5
12201500,1968,6,154.9
12201500,1968,7,69.9
12201500,1968,8,53.5
12201500,1968,9,108.0
12201500,1968,10,198.3
12201500,1968,11,290.2
12201500,1968,12,518.4
12201500,1969,1,484.4
12201500,1969,2,323.3
12201500,1969,3,223.0
12201500,1969,4,285.9
12201500,1969,5,180.6
12201500,1969,6,71.8
12201500,1969,7,58.3
12201500,1969,8,31.9
12201500,1969,9,70.3
12201500,1969,10,109.6
12201500,1969,11,193.2
12201500,1969,12,281.4
12201500,1970,1,415.5
12201500,1970,2,316.5
12201500,1970,3,173.2
12201500,1970,4,301.7
12201500,1970,5,149.2
12201500,1970,6,54.0
12201500,1970,7,32.4
12201500,1970,8,26.3
12201500,1970,9,44.9
12201500,1970,10,105.6
12201500,1970,11,235.5
12201500,1970,12,310.3
12201500,1971,1,991.6
12201500,1971,2,683.7
12201500,1971,3,408.5
12201500,1971,4,341.1
12201500,1971,5,177.1
12201500,1971,6,156.9
12201500,1971,7,104.5
12201500,1971,8,34.9
12201500,1971,9,41.3
12201500,1971,10,52.3
12201500,1996,10,221.2
12201500,1996,11,533.9
12201500,1996,12,490.6
12201500,1997,1,863.7
12201500,1997,2,574.6
12201500,1997,3,558.7
12201500,1997,4,224.3
12201500,1997,5,220.5
12201500,1997,6,190.4
12201500,1997,7,121.7
12201500,1997,8,34.8
12201500,1997,9,52.6
12201500,1997,10,209.2
12201500,1997,11,270.3
12201500,1997,12,351.0
12201500,1998,1,623.4
12201500,1998,2,244.6
12201500,1998,3,358.8
12201500,1998,4,167.6
12201500,1998,5,109.5
12201500,1998,6,92.7
12201500,1998,7,63.2
12201500,1998,8,30.3
12201500,1998,9,21.9
12201500,1998,10,36.1
12201500,1998,11,443.3
12201500,1998,12,688.4
12201500,1999,1,565.1
12201500,1999,2,566.5
12201500,1999,3,465.6
12201500,1999,4,269.6
12201500,1999,5,190.5
12201500,1999,6,146.9
12201500,1999,7,156.3
12201500,1999,8,55.7
12201500,1999,9,36.0
12201500,1999,10,61.3
12201500,1999,11,273.3
12201500,1999,12,893.2
12201500,2000,1,464.9
12201500,2000,2,257.6
12201500,2000,3,407.6
12201500,2000,4,401.0
12201500,2000,5,328.2
12201500,2000,6,208.0
12201500,2000,7,63.7
12201500,2000,8,37.7
12201500,2000,9,46.2
12201500,2000,10,88.0
12201500,2000,11,115.3
12201500,2000,12,229.1
12201500,2001,1,269.3
12201500,2001,2,236.6
12201500,2001,3,237.9
12201500,2001,4,217.1
12201500,2001,5,199.5
12201500,2001,6,180.2
12201500,2001,7,54.5
12201500,2001,8,39.5
12201500,2001,9,36.6
12201500,2001,10,189.6
12201500,2001,11,336.1
12201500,2001,12,794.2
12201500,2002,1,487.9
12201500,2002,2,592.0
12201500,2002,3,398.2
12201500,2002,4,458.9
12201500,2002,5,200.0
12201500,2002,6,112.8
12201500,2002,7,70.8
12201500,2002,8,35.7
12201500,2002,9,29.1
12201500,2002,10,30.7
12201500,2002,11,100.9
12201500,2002,12,161.5
12201500,2003,1,347.9
12201500,2003,2,354.3
12201500,2003,3,307.8
12201500,2003,4,356.3
12201500,2003,5,104.9
12201500,2003,6,47.7
12201500,2003,7,28.9
12201500,2003,8,18.9
12201500,2003,9,17.6
12201500,2003,10,257.4
12201500,2003,11,651.1
12201500,2003,12,303.2
12201500,2004,1,432.0
12201500,2004,2,367.8
12201500,2004,3,364.0
12201500,2004,4,132.3
12201500,2004,5,104.1
12201500,2004,6,123.2
12201500,2004,7,38.1
12201500,2004,8,84.4
12201500,2004,9,127.5
12201500,2004,10,208.1
12201500,2004,11,695.4
12201500,2004,12,499.3
12201500,2005,1,449.2
12201500,2005,2,212.9
12201500,2005,3,167.1
12201500,2005,4,360.1
12201500,2005,5,100.5
12201500,2005,6,69.7
12201500,2005,7,65.7
12201500,2005,8,39.1
12201500,2005,9,38.3
12201500,2005,10,148.3
12201500,2005,11,440.1
12201500,2005,12,271.9
12201500,2006,1,768.5
12201500,2006,2,418.6
12201500,2006,3,181.2
12201500,2006,4,199.4
12201500,2006,5,126.9
12201500,2006,6,99.8
12201500,2006,7,46.8
12201500,2006,8,28.0
12201500,2006,9,28.2
12201500,2006,10,30.7
12201500,2006,11,479.6
12201500,2006,12,411.8
12201500,2007,1,598.0
12201500,2007,2,330.5
12201500,2007,3,515.3
12201500,2007,4,187.3
12201500,2007,5,102.2
12201500,2007,6,61.0
12201500,2007,7,43.1
12201500,2007,8,33.0
12201500,2007,9,30.1
12201500,2007,10,147.7
12201500,2007,11,160.6
12201500,2007,12,335.1
12201500,2008,1,401.1
12201500,2008,2,467.9
12201500,2008,3,351.1
12201500,2008,4,282.2
12201500,2008,5,269.3
12201500,2008,6,215.0
12201500,2008,7,57.5
12201500,2008,8,83.4
12201500,2008,9,58.8
12201500,2008,10,61.2
12201500,2008,11,428.1
12201500,2008,12,282.8
12201500,2009,1,1368.0
12201500,2009,2,241.9
12201500,2009,3,341.3
12201500,2009,4,371.3
12201500,2009,5,285.2
12201500,2009,6,71.3
12201500,2009,7,35.9
12201500,2009,8,26.1
12201500,2009,9,24.9
12201500,2009,10,151.6
12201500,2009,11,643.2
12201500,2009,12,253.1
12201500,2010,1,387.3
12201500,2010,2,179.9
12201500,2010,3,192.6
12201500,2010,4,222.8
12201500,2010,5,337.6
12201500,2010,6,288.8
12201500,2010,7,57.7
12201500,2010,8,34.1
12201500,2010,9,88.5
12201500,2010,10,123.5
12201500,2010,11,298.5
12201500,2010,12,649.0
12201500,2011,1,705.1
12201500,2011,2,217.9
12201500,2011,3,367.4
12201500,2011,4,559.0
12201500,2011,5,432.7
12201500,2011,6,138.7
12201500,2011,7,85.9
12201500,2011,8,45.5
12201500,2011,9,38.8
12201500,2011,10,59.5
12201500,2011,11,214.9
12201500,2011,12,168.6
12201500,2012,1,389.1
12201500,2012,2,543.0
12201500,2012,3,358.5
12201500,2012,4,465.5
12201500,2012,5,287.3
12201500,2012,6,210.5
12201500,2012,7,172.3
12201500,2012,8,47.7
12201500,2012,9,29.6
12201500,2012,10,97.7
12201500,2012,11,394.2
12201500,2012,12,544.4
12201500,2013,1,418.5
12201500,2013,2,260.4
12201500,2013,3,446.5
12201500,2013,4,435.0
12201500,2013,5,157.9
12201500,2013,6,113.5
12201500,2013,7,42.0
12201500,2013,8,31.5
12201500,2013,9,50.3
12201500,2013,10,142.7
12201500,2013,11,385.8
12201500,2013,12,241.2
12201500,2014,1,369.3
12201500,2014,2,236.9
12201500,2014,3,802.9
12201500,2014,4,426.5
12201500,2014,5,407.9
12201500,2014,6,87.1
12201500,2014,7,51.4
12201500,2014,8,35.5
12201500,2014,9,32.8
12201500,2014,10,144.0
12201500,2014,11,437.8
12201500,2014,12,411.7
12201500,2015,1,676.5
12201500,2015,2,345.5
12201500,2015,3,311.4
12201500,2015,4,212.3
12201500,2015,5,97.7
12201500,2015,6,41.6
12201500,2015,7,24.4
12201500,2015,8,22.0
12201500,2015,9,39.4
12201500,2015,10,58.4
12201500,2015,11,733.5
12201500,2015,12,598.0
12201500,2016,1,342.1
12201500,2016,2,697.4
12201500,2016,3,381.6
12201500,2016,4,223.2
12201500,2016,5,76.7
12201500,2016,6,71.9
12201500,2016,7,41.1
12201500,2016,8,26.4
12201500,2016,9,38.9
12201500,2016,10,175.0
12201500,2016,11,528.8
12201500,2016,12,414.1
12201500,2017,1,316.1
12201500,2017,2,368.7
12201500,2017,3,652.1
12201500,2017,4,334.7
12201500,2017,5,215.4
12201500,2017,6,85.1
12201500,2017,7,36.5
12201500,2017,8,25.0
12201500,2017,9,24.3
12201500,2017,10,86.6
12201500,2017,11,332.0
12201500,2017,12,481.7
12201500,2018,1,523.6
12201500,2018,2,879.8
12201500,2018,3,328.2
12201500,2018,4,484.4
12201500,2018,5,106.2
12201500,2018,6,53.9
12201500,2018,7,31.6
12201500,2018,8,21.5
12201500,2018,9,29.3
12201500,2018,10,73.0
12201500,2018,11,493.2
12201500,2018,12,384.3
12201500,2019,1,348.9
12201500,2019,2,199.3
12201500,2019,3,188.3
12201500,2019,4,248.0
12201500,2019,5,74.8
12201500,2019,6,34.9
12201500,2019,7,27.4
12201500,2019,8,24.6
12201500,2019,9,74.3
12201500,2019,10,267.9
12201500,2019,11,197.3
12201500,2019,12,307.8
12201500,2020,1,795.5
12201500,2020,2,690.8
12201500,2020,3,295.7
12201500,2020,4,199.5
12201500,2020,5,165.7
12201500,2020,6,132.7
12201500,2020,7,73.8
12201500,2020,8,33.4
12201500,2020,9,31.0
12201500,2020,10,100.9
12201500,2020,11,287.9
12201500,2020,12,466.2
12201500,2021,1,512.4
12201500,2021,2,724.8
12201500,2021,3,262.6
12201500,2021,4,152.9
12201500,2021,5,76.2
12201500,2021,6,53.1
