Year, Month,  Highest, MHHW, MHW, MSL, MTL, MLW, MLLW, DTL, GT, MN, DHQ, DLQ, HWI, LWI, Lowest, Inferred 
1997,8,3.221,2.846,2.674,1.417,1.415,0.157,-0.585,1.131,3.431,2.517,0.172,0.742,0.540,6.730,-1.311,0
1997,9,3.323,2.822,2.669,1.428,1.417,0.166,-0.375,1.224,3.197,2.503,0.153,0.541,0.510,6.740,-0.812,0
1997,10,3.166,2.893,2.704,1.470,1.460,0.216,-0.329,1.282,3.222,2.488,0.189,0.545,0.540,6.790,-1.219,0
1997,11,3.430,3.138,2.834,1.584,1.581,0.329,-0.457,1.341,3.595,2.505,0.304,0.786,0.530,6.780,-1.289,0
1997,12,3.611,3.136,2.789,1.513,1.520,0.252,-0.705,1.216,3.841,2.537,0.347,0.957,0.560,6.750,-1.446,0
1998,1,3.615,3.295,2.979,1.692,1.697,0.416,-0.489,1.403,3.784,2.563,0.316,0.905,0.530,6.700,-1.266,0
1998,2,3.606,3.190,2.950,1.699,1.704,0.459,-0.287,1.451,3.477,2.491,0.240,0.746,0.550,6.760,-1.140,0
1998,3,3.265,2.865,2.689,1.410,1.400,0.111,-0.449,1.208,3.314,2.578,0.176,0.560,0.430,6.710,-0.972,0
1998,4,3.027,2.781,2.572,1.311,1.301,0.031,-0.623,1.079,3.404,2.541,0.209,0.654,0.470,6.740,-1.517,0
1998,5,3.149,2.908,2.593,1.344,1.333,0.074,-0.720,1.094,3.628,2.519,0.315,0.794,0.490,6.760,-1.578,0
1998,6,3.051,2.903,2.570,1.319,1.316,0.062,-0.801,1.051,3.704,2.508,0.333,0.863,0.510,6.750,-1.543,0
1998,7,3.111,2.835,2.558,1.325,1.318,0.078,-0.725,1.055,3.560,2.480,0.277,0.803,0.530,6.720,-1.443,0
1998,8,3.031,2.698,2.533,1.298,1.298,0.063,-0.692,1.003,3.390,2.470,0.165,0.755,0.510,6.670,-1.294,0
1998,9,3.147,2.692,2.565,1.317,1.312,0.060,-0.581,1.055,3.273,2.505,0.127,0.641,0.460,6.720,-1.022,0
1998,10,3.176,2.784,2.538,1.298,1.290,0.043,-0.567,1.108,3.351,2.495,0.246,0.610,0.470,6.770,-1.127,0
1998,11,3.418,3.092,2.744,1.496,1.488,0.232,-0.499,1.296,3.591,2.512,0.348,0.731,0.510,6.750,-1.510,0
1998,12,3.502,2.987,2.642,1.375,1.379,0.117,-0.840,1.074,3.827,2.525,0.345,0.957,0.560,6.770,-1.738,0
1999,1,3.433,2.994,2.694,1.426,1.437,0.180,-0.811,1.091,3.805,2.514,0.300,0.991,0.590,6.750,-1.910,0
1999,2,3.305,3.038,2.811,1.581,1.590,0.368,-0.450,1.294,3.488,2.443,0.227,0.818,0.580,6.820,-1.455,0
1999,3,3.339,2.950,2.736,1.493,1.488,0.240,-0.375,1.287,3.325,2.496,0.214,0.615,0.560,6.830,-0.894,0
1999,4,3.098,2.722,2.511,1.275,1.261,0.011,-0.599,1.062,3.321,2.500,0.211,0.610,0.520,6.810,-1.403,0
1999,5,3.074,2.796,2.521,1.275,1.267,0.013,-0.799,0.999,3.595,2.508,0.275,0.812,0.530,6.780,-1.699,0
1999,6,3.142,2.852,2.558,1.314,1.313,0.068,-0.874,0.989,3.726,2.490,0.294,0.942,0.540,6.750,-1.793,0
1999,7,3.055,2.836,2.571,1.313,1.316,0.061,-0.862,0.987,3.698,2.510,0.265,0.923,0.510,6.670,-1.809,0
1999,8,2.995,2.764,2.575,1.314,1.310,0.046,-0.691,1.036,3.455,2.529,0.189,0.737,0.470,6.670,-1.441,0
1999,9,2.962,2.664,2.529,1.260,1.253,-0.023,-0.666,0.999,3.330,2.552,0.135,0.643,0.410,6.660,-1.110,0
1999,10,3.215,2.695,2.497,1.241,1.225,-0.046,-0.707,0.994,3.402,2.543,0.198,0.661,0.400,6.680,-1.428,0
1999,11,3.303,3.034,2.685,1.429,1.425,0.165,-0.648,1.193,3.682,2.520,0.349,0.813,0.470,6.750,-1.746,0
1999,12,3.165,2.954,2.576,1.342,1.345,0.113,-0.794,1.080,3.748,2.463,0.378,0.907,0.550,6.780,-2.053,0
2000,1,3.273,2.946,2.637,1.399,1.412,0.187,-0.798,1.074,3.744,2.450,0.309,0.985,0.620,6.800,-1.695,0
2000,2,3.329,2.972,2.747,1.495,1.505,0.263,-0.593,1.189,3.565,2.484,0.225,0.856,0.530,6.760,-1.524,0
2000,3,2.988,2.728,2.522,1.320,1.319,0.117,-0.574,1.077,3.302,2.405,0.206,0.691,0.580,6.850,-1.027,0
2000,4,2.997,2.761,2.513,1.284,1.274,0.036,-0.611,1.075,3.372,2.477,0.248,0.647,0.530,6.850,-1.194,0
2000,5,3.054,2.858,2.558,1.321,1.318,0.078,-0.697,1.080,3.555,2.480,0.300,0.775,0.520,6.810,-1.493,0
2000,6,3.131,2.894,2.568,1.312,1.315,0.062,-0.900,0.997,3.794,2.506,0.326,0.962,0.500,6.710,-1.794,0
2000,7,3.136,2.857,2.593,1.309,1.318,0.043,-0.979,0.939,3.836,2.550,0.264,1.022,0.520,6.710,-1.864,0
2000,8,3.130,2.764,2.572,1.286,1.287,0.002,-0.842,0.961,3.606,2.570,0.192,0.844,0.480,6.700,-1.763,0
2000,9,3.086,2.713,2.545,1.291,1.286,0.028,-0.599,1.057,3.312,2.517,0.168,0.627,0.490,6.760,-1.042,0
2000,10,3.079,2.776,2.566,1.326,1.322,0.079,-0.612,1.082,3.388,2.487,0.210,0.691,0.480,6.770,-1.122,0
2000,11,3.130,2.827,2.495,1.256,1.257,0.019,-0.846,0.991,3.673,2.476,0.332,0.865,0.480,6.780,-1.689,0
2000,12,3.262,2.929,2.548,1.307,1.314,0.081,-0.906,1.011,3.835,2.467,0.381,0.987,0.500,6.740,-1.914,0
2001,1,3.394,2.959,2.601,1.355,1.359,0.118,-0.828,1.065,3.787,2.483,0.358,0.946,0.500,6.680,-1.704,0
2001,2,3.157,2.795,2.564,1.298,1.311,0.058,-0.797,0.999,3.592,2.506,0.231,0.855,0.550,6.740,-1.970,0
2001,3,3.074,2.712,2.532,1.302,1.301,0.070,-0.659,1.026,3.371,2.462,0.180,0.729,0.460,6.730,-1.222,0
2001,4,2.989,2.728,2.484,1.256,1.260,0.035,-0.741,0.993,3.469,2.449,0.244,0.776,0.470,6.780,-1.266,0
2001,5,3.063,2.823,2.483,1.251,1.242,0.001,-0.828,0.997,3.651,2.482,0.340,0.829,0.480,6.780,-1.637,0
2001,6,3.176,2.861,2.517,1.261,1.264,0.010,-0.922,0.969,3.783,2.507,0.344,0.932,0.520,6.730,-1.911,0
2001,7,3.119,2.825,2.536,1.273,1.289,0.042,-0.963,0.931,3.788,2.494,0.289,1.005,0.520,6.730,-1.881,0
2001,8,3.160,2.784,2.555,1.311,1.323,0.092,-0.812,0.986,3.596,2.463,0.229,0.904,0.510,6.760,-1.752,0
2001,9,3.004,2.718,2.528,1.297,1.296,0.064,-0.639,1.039,3.357,2.464,0.190,0.703,0.500,6.760,-1.258,0
2001,10,3.032,2.742,2.503,1.278,1.273,0.044,-0.589,1.077,3.331,2.459,0.239,0.633,0.480,6.790,-1.312,0
2001,11,3.393,3.009,2.670,1.446,1.450,0.229,-0.637,1.186,3.646,2.441,0.339,0.866,0.520,6.790,-1.421,0
2001,12,3.381,3.067,2.707,1.461,1.478,0.249,-0.816,1.125,3.883,2.458,0.360,1.065,0.550,6.760,-1.591,0
2002,1,3.494,3.034,2.715,1.433,1.457,0.198,-0.886,1.074,3.920,2.517,0.319,1.084,0.530,6.700,-1.821,0
2002,2,3.233,2.860,2.591,1.364,1.378,0.166,-0.719,1.071,3.579,2.425,0.269,0.885,0.560,6.770,-1.650,0
2002,3,3.099,2.809,2.592,1.328,1.325,0.059,-0.627,1.091,3.436,2.533,0.217,0.686,0.490,6.780,-1.197,0
2002,4,3.142,2.768,2.512,1.267,1.266,0.021,-0.756,1.006,3.524,2.491,0.256,0.777,0.500,6.820,-1.547,0
2002,5,3.129,2.824,2.488,1.255,1.257,0.026,-0.913,0.955,3.737,2.462,0.336,0.939,0.500,6.780,-1.642,0
2002,6,3.165,2.858,2.509,1.283,1.293,0.077,-0.931,0.963,3.789,2.432,0.349,1.008,0.550,6.760,-1.613,0
2002,7,3.179,2.831,2.534,1.312,1.327,0.121,-0.820,1.006,3.651,2.413,0.297,0.941,0.540,6.690,-1.618,0
2002,8,3.164,2.743,2.539,1.308,1.310,0.082,-0.785,0.979,3.528,2.457,0.204,0.867,0.530,6.710,-1.647,0
2002,9,3.123,2.730,2.561,1.320,1.327,0.094,-0.706,1.012,3.436,2.467,0.169,0.800,0.470,6.740,-1.282,0
2002,10,3.060,2.732,2.477,1.243,1.248,0.018,-0.773,0.979,3.505,2.459,0.255,0.791,0.450,6.770,-1.354,0
2002,11,3.490,3.025,2.645,1.400,1.402,0.159,-0.707,1.159,3.732,2.486,0.380,0.866,0.520,6.800,-1.531,0
2002,12,3.525,3.220,2.847,1.584,1.604,0.362,-0.725,1.247,3.945,2.485,0.373,1.087,0.600,6.820,-1.818,0
2003,1,3.701,3.084,2.760,1.478,1.511,0.263,-0.886,1.099,3.970,2.497,0.324,1.149,0.590,6.760,-1.592,0
2003,2,3.206,2.865,2.594,1.362,1.380,0.166,-0.785,1.040,3.650,2.428,0.271,0.951,0.550,6.720,-1.392,0
2003,3,3.420,2.898,2.650,1.426,1.439,0.228,-0.551,1.173,3.449,2.422,0.248,0.779,0.550,6.830,-1.090,0
2003,4,3.263,2.897,2.636,1.429,1.433,0.231,-0.497,1.200,3.394,2.405,0.261,0.728,0.420,6.770,-1.477,0
2003,5,3.108,2.829,2.524,1.303,1.311,0.098,-0.855,0.987,3.684,2.426,0.305,0.953,0.460,6.750,-1.968,0
2003,6,3.135,2.844,2.519,1.290,1.306,0.094,-1.006,0.919,3.850,2.425,0.325,1.100,0.440,6.650,-1.963,0
2003,7,3.084,2.833,2.557,1.311,1.333,0.109,-0.997,0.918,3.830,2.448,0.276,1.106,0.440,6.600,-1.842,0
2003,8,3.106,2.836,2.614,1.366,1.378,0.142,-0.749,1.043,3.585,2.472,0.222,0.891,0.380,6.590,-1.491,0
2003,9,3.135,2.752,2.559,1.316,1.324,0.089,-0.696,1.028,3.448,2.470,0.193,0.785,0.340,6.600,-1.140,0
2003,10,3.217,2.884,2.634,1.392,1.393,0.151,-0.682,1.101,3.566,2.483,0.250,0.833,0.310,6.640,-1.643,0
2003,11,3.316,2.965,2.614,1.378,1.390,0.166,-0.794,1.085,3.759,2.448,0.351,0.960,0.360,6.700,-1.979,0
2003,12,3.619,3.174,2.756,1.530,1.547,0.339,-0.707,1.233,3.881,2.417,0.418,1.046,0.440,6.700,-1.773,0
2004,1,3.421,3.037,2.724,1.494,1.530,0.336,-0.778,1.129,3.815,2.388,0.313,1.114,0.560,6.710,-1.985,0
2004,2,3.211,2.935,2.682,1.447,1.478,0.273,-0.698,1.119,3.633,2.409,0.253,0.971,0.460,6.690,-1.384,0
2004,3,3.001,2.772,2.517,1.330,1.345,0.173,-0.666,1.053,3.438,2.344,0.255,0.839,0.450,6.820,-1.123,0
2004,4,3.025,2.800,2.512,1.301,1.304,0.097,-0.713,1.043,3.513,2.415,0.288,0.810,0.410,6.730,-1.529,0
2004,5,3.084,2.887,2.554,1.316,1.322,0.091,-0.814,1.037,3.701,2.463,0.333,0.905,0.440,6.750,-1.771,0
2004,6,3.180,2.905,2.575,1.315,1.338,0.102,-1.018,0.943,3.923,2.473,0.330,1.120,0.420,6.690,-1.966,0
2004,7,3.162,2.903,2.614,1.330,1.361,0.107,-1.069,0.917,3.972,2.507,0.289,1.176,0.440,6.620,-2.059,0
2004,8,3.124,2.852,2.616,1.353,1.371,0.126,-0.856,0.998,3.708,2.490,0.236,0.982,0.430,6.630,-1.767,0
2004,9,3.081,2.803,2.594,1.359,1.365,0.136,-0.610,1.096,3.413,2.458,0.209,0.746,0.410,6.710,-1.040,0
2004,10,3.238,2.846,2.602,1.378,1.386,0.170,-0.649,1.098,3.495,2.432,0.244,0.819,0.370,6.720,-1.195,0
2004,11,3.336,2.871,2.525,1.304,1.323,0.121,-0.895,0.988,3.766,2.404,0.346,1.016,0.380,6.700,-1.743,0
2004,12,3.318,3.031,2.633,1.394,1.422,0.211,-0.951,1.040,3.982,2.422,0.398,1.162,0.410,6.660,-1.964,0
2005,1,3.381,3.123,2.748,1.497,1.518,0.289,-0.764,1.179,3.887,2.459,0.375,1.053,0.420,6.650,-1.848,0
2005,2,3.207,2.878,2.621,1.360,1.389,0.157,-0.798,1.040,3.676,2.464,0.257,0.955,0.480,6.680,-1.849,0
2005,3,3.205,2.874,2.649,1.423,1.438,0.226,-0.621,1.126,3.495,2.423,0.225,0.847,0.390,6.670,-1.356,0
2005,4,3.235,2.860,2.601,1.381,1.397,0.194,-0.718,1.071,3.578,2.407,0.259,0.912,0.340,6.680,-1.400,0
2005,5,3.157,2.977,2.631,1.411,1.423,0.216,-0.795,1.091,3.772,2.415,0.346,1.011,0.410,6.720,-1.845,0
2005,6,3.164,2.922,2.569,1.331,1.347,0.125,-0.916,1.003,3.838,2.444,0.353,1.041,0.430,6.640,-1.982,0
2005,7,3.162,2.876,2.586,1.346,1.378,0.171,-0.910,0.983,3.786,2.415,0.290,1.081,0.460,6.620,-1.901,0
2005,8,3.192,2.801,2.570,1.343,1.369,0.169,-0.821,0.990,3.622,2.401,0.231,0.990,0.430,6.690,-1.584,0
2005,9,3.061,2.709,2.504,1.284,1.294,0.085,-0.722,0.993,3.431,2.419,0.205,0.807,0.430,6.680,-1.286,0
2005,10,3.197,2.820,2.569,1.358,1.364,0.158,-0.594,1.113,3.414,2.411,0.251,0.752,0.410,6.750,-1.377,0
2005,11,3.155,2.893,2.559,1.347,1.361,0.163,-0.839,1.027,3.732,2.396,0.334,1.002,0.420,6.700,-1.756,0
2005,12,3.684,3.054,2.689,1.428,1.467,0.245,-0.982,1.036,4.036,2.444,0.365,1.227,0.460,6.650,-1.952,0
2006,1,3.576,3.169,2.821,1.542,1.583,0.346,-0.817,1.176,3.986,2.475,0.348,1.163,0.450,6.610,-1.662,0
2006,2,3.604,2.835,2.565,1.356,1.380,0.195,-0.751,1.042,3.586,2.370,0.270,0.946,0.480,6.700,-1.519,0
2006,3,3.454,3.004,2.757,1.503,1.512,0.268,-0.485,1.260,3.489,2.489,0.247,0.753,0.380,6.710,-1.099,0
2006,4,3.256,2.941,2.682,1.452,1.463,0.244,-0.624,1.158,3.565,2.438,0.259,0.868,0.400,6.720,-1.692,0
2006,5,3.170,2.881,2.553,1.337,1.351,0.150,-0.901,0.990,3.782,2.403,0.328,1.051,0.410,6.690,-1.601,0
2006,6,3.091,2.877,2.540,1.327,1.350,0.161,-0.934,0.971,3.811,2.379,0.337,1.095,0.470,6.670,-1.668,0
2006,7,3.181,2.864,2.563,1.348,1.370,0.177,-0.839,1.013,3.703,2.386,0.301,1.016,0.460,6.620,-1.706,0
2006,8,3.218,2.797,2.574,1.348,1.371,0.168,-0.758,1.019,3.555,2.406,0.223,0.926,0.440,6.590,-1.607,0
2006,9,3.161,2.717,2.546,1.317,1.321,0.095,-0.739,0.989,3.456,2.451,0.171,0.834,0.410,6.660,-1.345,0
2006,10,3.133,2.784,2.507,1.282,1.293,0.080,-0.810,0.987,3.594,2.427,0.277,0.890,0.340,6.690,-1.533,0
2006,11,3.362,3.109,2.731,1.501,1.515,0.300,-0.663,1.223,3.772,2.431,0.378,0.963,0.430,6.730,-1.474,0
2006,12,3.453,3.076,2.701,1.445,1.477,0.253,-0.932,1.072,4.008,2.448,0.375,1.185,0.550,6.720,-1.920,0
2007,1,3.398,2.908,2.591,1.323,1.370,0.150,-1.046,0.931,3.954,2.441,0.317,1.196,0.520,6.670,-1.728,0
2007,2,3.379,2.922,2.649,1.417,1.446,0.242,-0.746,1.088,3.668,2.407,0.273,0.988,0.440,6.650,-1.519,0
2007,3,3.335,2.780,2.528,1.308,1.324,0.119,-0.690,1.045,3.470,2.409,0.252,0.809,0.430,6.750,-1.282,0
2007,4,3.125,2.773,2.515,1.306,1.313,0.112,-0.683,1.045,3.456,2.403,0.258,0.795,0.460,6.800,-1.669,0
2007,5,3.082,2.783,2.485,1.268,1.283,0.081,-0.943,0.920,3.726,2.404,0.298,1.024,0.470,6.710,-1.960,0
2007,6,3.035,2.825,2.521,1.303,1.330,0.140,-1.008,0.908,3.833,2.381,0.304,1.148,0.400,6.610,-1.906,0
2007,7,3.112,2.860,2.596,1.352,1.383,0.170,-0.948,0.956,3.808,2.426,0.264,1.118,0.370,6.540,-1.679,0
2007,8,3.185,2.807,2.601,1.346,1.364,0.127,-0.761,1.023,3.568,2.474,0.206,0.888,0.320,6.530,-1.361,0
2007,9,3.254,2.724,2.553,1.303,1.320,0.087,-0.733,0.995,3.457,2.466,0.171,0.820,0.310,6.600,-1.218,0
2007,10,3.097,2.833,2.595,1.341,1.361,0.128,-0.786,1.023,3.619,2.467,0.238,0.914,0.290,6.600,-1.943,0
2007,11,3.076,2.870,2.533,1.284,1.297,0.061,-0.940,0.965,3.810,2.472,0.337,1.001,0.400,6.710,-2.170,0
2007,12,3.560,3.028,2.655,1.421,1.449,0.244,-0.833,1.098,3.861,2.411,0.373,1.077,0.480,6.690,-2.081,0
2008,1,3.479,3.015,2.679,1.448,1.492,0.306,-0.782,1.116,3.797,2.373,0.336,1.088,0.560,6.690,-1.965,0
2008,2,3.306,2.845,2.610,1.362,1.397,0.185,-0.765,1.040,3.610,2.425,0.235,0.950,0.480,6.720,-1.413,0
2008,3,3.076,2.678,2.457,1.271,1.292,0.126,-0.712,0.983,3.390,2.331,0.221,0.838,0.440,6.770,-1.110,0
2008,4,3.114,2.741,2.469,1.252,1.259,0.049,-0.797,0.972,3.538,2.420,0.272,0.846,0.410,6.730,-1.601,0
2008,5,2.980,2.843,2.514,1.276,1.285,0.056,-0.889,0.977,3.732,2.458,0.329,0.945,0.440,6.680,-2.070,0
2008,6,3.183,2.854,2.545,1.286,1.314,0.084,-1.047,0.903,3.901,2.461,0.309,1.131,0.470,6.630,-2.074,0
2008,7,3.178,2.879,2.628,1.360,1.398,0.169,-0.967,0.956,3.846,2.459,0.251,1.136,0.470,6.610,-1.845,0
2008,8,3.207,2.871,2.651,1.395,1.417,0.183,-0.748,1.062,3.619,2.468,0.220,0.931,0.460,6.670,-1.563,0
2008,9,3.094,2.730,2.545,1.315,1.325,0.106,-0.619,1.055,3.349,2.439,0.185,0.725,0.460,6.720,-1.059,0
2008,10,2.934,2.721,2.499,1.272,1.286,0.073,-0.769,0.976,3.490,2.426,0.222,0.842,0.430,6.720,-1.606,0
2008,11,3.156,2.940,2.601,1.379,1.401,0.202,-0.850,1.045,3.790,2.399,0.339,1.052,0.450,6.730,-2.027,0
2008,12,3.319,2.995,2.617,1.370,1.402,0.188,-0.972,1.011,3.967,2.429,0.378,1.160,0.470,6.690,-2.016,0
2009,1,3.296,2.889,2.560,1.313,1.338,0.116,-0.912,0.988,3.801,2.444,0.329,1.028,0.510,6.650,-2.102,0
2009,2,3.215,2.877,2.618,1.373,1.401,0.183,-0.714,1.082,3.591,2.435,0.259,0.897,0.530,6.720,-1.706,0
2009,3,3.071,2.785,2.581,1.361,1.374,0.168,-0.663,1.061,3.448,2.413,0.204,0.831,0.400,6.670,-1.411,0
2009,4,2.955,2.699,2.456,1.230,1.242,0.029,-0.872,0.913,3.571,2.427,0.243,0.901,0.400,6.690,-1.698,0
2009,5,3.147,2.872,2.533,1.303,1.318,0.104,-0.903,0.985,3.775,2.429,0.339,1.007,0.440,6.690,-1.952,0
2009,6,3.125,2.969,2.623,1.377,1.391,0.159,-0.864,1.052,3.833,2.464,0.346,1.023,0.460,6.640,-1.941,0
2009,7,3.143,2.836,2.578,1.330,1.356,0.135,-0.901,0.967,3.737,2.443,0.258,1.036,0.480,6.610,-1.884,0
2009,8,3.170,2.784,2.577,1.348,1.376,0.175,-0.751,1.016,3.535,2.402,0.207,0.926,0.470,6.690,-1.513,0
2009,9,3.150,2.743,2.557,1.339,1.350,0.143,-0.616,1.063,3.359,2.414,0.186,0.759,0.430,6.690,-1.012,0
2009,10,3.235,2.828,2.588,1.374,1.376,0.165,-0.573,1.127,3.401,2.423,0.240,0.738,0.380,6.700,-1.259,0
2009,11,3.490,3.017,2.672,1.462,1.474,0.276,-0.706,1.155,3.723,2.396,0.345,0.982,0.430,6.680,-1.501,0
2009,12,3.396,3.025,2.691,1.422,1.456,0.222,-0.931,1.047,3.956,2.469,0.334,1.153,0.430,6.620,-1.875,0
2010,1,3.644,3.275,2.958,1.662,1.697,0.436,-0.659,1.308,3.934,2.522,0.317,1.095,0.480,6.620,-1.639,0
2010,2,3.520,3.026,2.770,1.536,1.554,0.339,-0.526,1.250,3.552,2.431,0.256,0.865,0.430,6.660,-1.165,0
2010,3,3.497,2.907,2.696,1.433,1.440,0.184,-0.514,1.196,3.421,2.512,0.211,0.698,0.380,6.670,-0.846,0
2010,4,3.277,2.924,2.680,1.449,1.453,0.226,-0.592,1.166,3.516,2.454,0.244,0.818,0.430,6.710,-1.493,0
2010,5,3.154,2.846,2.555,1.329,1.341,0.128,-0.876,0.985,3.722,2.427,0.291,1.004,0.420,6.660,-1.534,0
2010,6,3.088,2.844,2.533,1.314,1.332,0.131,-0.907,0.969,3.751,2.402,0.311,1.038,0.470,6.650,-1.773,0
2010,7,3.165,2.796,2.529,1.296,1.310,0.092,-0.830,0.983,3.626,2.437,0.267,0.922,0.430,6.570,-1.739,0
2010,8,3.255,2.772,2.564,1.332,1.342,0.121,-0.688,1.042,3.460,2.443,0.208,0.809,0.390,6.570,-1.582,0
2010,9,3.134,2.706,2.566,1.334,1.329,0.092,-0.642,1.032,3.348,2.474,0.140,0.734,0.400,6.650,-1.232,0
2010,10,3.189,2.810,2.570,1.343,1.348,0.127,-0.695,1.058,3.505,2.443,0.240,0.822,0.370,6.650,-1.300,0
2010,11,3.259,2.978,2.641,1.395,1.402,0.163,-0.759,1.109,3.737,2.478,0.337,0.922,0.420,6.680,-1.604,0
2010,12,3.658,3.197,2.847,1.590,1.615,0.382,-0.705,1.246,3.902,2.465,0.350,1.087,0.520,6.670,-1.655,0
2011,1,3.254,2.948,2.653,1.395,1.425,0.198,-0.888,1.030,3.836,2.455,0.295,1.086,0.530,6.640,-1.759,0
2011,2,3.356,2.852,2.617,1.382,1.393,0.168,-0.681,1.085,3.533,2.449,0.235,0.849,0.420,6.620,-1.306,0
2011,3,3.481,2.985,2.767,1.551,1.558,0.348,-0.359,1.313,3.344,2.419,0.218,0.707,0.490,6.740,-1.086,0
2011,4,3.227,2.820,2.585,1.381,1.379,0.173,-0.564,1.128,3.384,2.412,0.235,0.737,0.480,6.760,-1.493,0
2011,5,3.183,2.849,2.566,1.349,1.357,0.148,-0.797,1.026,3.646,2.418,0.283,0.945,0.510,6.750,-1.628,0
2011,6,3.092,2.888,2.592,1.355,1.369,0.147,-0.890,0.999,3.778,2.445,0.296,1.037,0.490,6.650,-1.747,0
2011,7,3.135,2.846,2.609,1.353,1.369,0.129,-0.860,0.993,3.706,2.480,0.237,0.989,0.470,6.600,-1.451,0
2011,8,3.216,2.783,2.606,1.339,1.340,0.074,-0.683,1.050,3.466,2.532,0.177,0.757,0.370,6.550,-1.193,0
2011,9,3.301,2.749,2.595,1.341,1.338,0.082,-0.593,1.078,3.342,2.513,0.154,0.675,0.350,6.600,-1.100,0
2011,10,3.175,2.807,2.611,1.346,1.348,0.085,-0.714,1.046,3.521,2.526,0.196,0.799,0.310,6.580,-1.698,0
2011,11,3.554,2.947,2.651,1.407,1.410,0.169,-0.757,1.095,3.704,2.482,0.296,0.926,0.430,6.670,-1.771,0
2011,12,3.333,2.829,2.494,1.254,1.258,0.023,-0.938,0.945,3.767,2.471,0.335,0.961,0.430,6.620,-1.949,0
2012,1,3.491,2.944,2.648,1.430,1.449,0.250,-0.677,1.134,3.621,2.397,0.297,0.927,0.440,6.590,-1.464,0
2012,2,3.258,2.798,2.600,1.358,1.375,0.150,-0.664,1.067,3.462,2.450,0.198,0.814,0.480,6.660,-1.121,0
2012,3,3.327,2.833,2.673,1.486,1.490,0.307,-0.399,1.217,3.232,2.366,0.160,0.706,0.460,6.720,-0.979,0
2012,4,3.235,2.911,2.672,1.461,1.457,0.243,-0.491,1.210,3.402,2.429,0.239,0.734,0.430,6.730,-1.277,0
2012,5,3.038,2.840,2.553,1.317,1.312,0.072,-0.756,1.042,3.596,2.481,0.287,0.828,0.480,6.690,-1.782,0
2012,6,3.178,2.900,2.617,1.359,1.367,0.118,-0.852,1.024,3.752,2.499,0.283,0.970,0.510,6.660,-1.839,0
2012,7,3.117,2.859,2.632,1.355,1.371,0.111,-0.851,1.004,3.710,2.521,0.227,0.962,0.470,6.610,-1.667,0
2012,8,3.108,2.801,2.627,1.366,1.369,0.110,-0.660,1.071,3.461,2.517,0.174,0.770,0.440,6.630,-1.470,0
2012,9,3.061,2.715,2.564,1.323,1.317,0.069,-0.498,1.108,3.213,2.495,0.151,0.567,0.390,6.660,-0.974,0
2012,10,3.256,2.818,2.623,1.387,1.385,0.148,-0.553,1.132,3.371,2.475,0.195,0.701,0.370,6.660,-1.442,0
2012,11,3.561,3.055,2.735,1.505,1.512,0.288,-0.626,1.214,3.681,2.447,0.320,0.914,0.420,6.660,-1.764,0
2012,12,3.803,3.227,2.857,1.609,1.624,0.391,-0.603,1.312,3.831,2.466,0.371,0.994,0.450,6.680,-1.710,0
2013,1,3.149,2.903,2.595,1.345,1.353,0.111,-0.781,1.061,3.683,2.485,0.308,0.891,0.420,6.590,-1.789,0
2013,2,2.939,2.725,2.506,1.275,1.281,0.056,-0.684,1.021,3.409,2.451,0.219,0.739,0.440,6.650,-1.454,0
2013,3,2.949,2.721,2.555,1.312,1.306,0.057,-0.575,1.073,3.296,2.497,0.166,0.633,0.320,6.570,-1.160,0
2013,4,3.118,2.743,2.532,1.292,1.286,0.039,-0.709,1.017,3.452,2.493,0.211,0.748,0.350,6.620,-1.588,0
2013,5,3.189,2.842,2.536,1.295,1.288,0.041,-0.799,1.021,3.641,2.495,0.306,0.840,0.380,6.600,-1.706,0
2013,6,3.253,2.911,2.595,1.343,1.345,0.094,-0.777,1.067,3.688,2.501,0.316,0.871,0.410,6.610,-1.683,0
2013,7,3.174,2.850,2.585,1.335,1.341,0.097,-0.771,1.039,3.621,2.488,0.265,0.868,0.490,6.590,-1.669,0
2013,8,3.165,2.770,2.595,1.374,1.381,0.168,-0.604,1.083,3.374,2.427,0.175,0.772,0.430,6.650,-1.297,0
2013,9,3.149,2.790,2.644,1.426,1.420,0.196,-0.416,1.187,3.206,2.448,0.146,0.612,0.390,6.640,-0.721,0
2013,10,2.918,2.737,2.530,1.321,1.309,0.089,-0.502,1.117,3.239,2.442,0.206,0.591,0.410,6.680,-1.084,0
2013,11,3.160,2.883,2.578,1.336,1.332,0.087,-0.738,1.072,3.620,2.492,0.304,0.824,0.400,6.630,-1.531,0
2013,12,3.054,2.856,2.532,1.266,1.280,0.028,-0.971,0.943,3.827,2.504,0.324,0.999,0.480,6.680,-1.809,0
2014,1,3.218,2.903,2.633,1.347,1.359,0.085,-0.867,1.018,3.770,2.548,0.271,0.952,0.430,6.590,-1.813,0
2014,2,3.212,2.870,2.651,1.417,1.421,0.192,-0.537,1.166,3.407,2.459,0.219,0.729,0.470,6.700,-1.394,0
2014,3,3.310,2.864,2.693,1.442,1.431,0.169,-0.376,1.244,3.240,2.523,0.172,0.545,0.400,6.650,-0.823,0
2014,4,3.244,2.850,2.634,1.411,1.402,0.169,-0.502,1.174,3.352,2.465,0.216,0.671,0.430,6.670,-1.163,0
2014,5,3.151,2.912,2.629,1.403,1.399,0.169,-0.677,1.117,3.589,2.461,0.283,0.846,0.450,6.650,-1.389,0
2014,6,3.191,2.884,2.576,1.337,1.338,0.099,-0.800,1.042,3.684,2.477,0.308,0.899,0.410,6.600,-1.707,0
2014,7,3.284,2.906,2.632,1.392,1.391,0.151,-0.673,1.117,3.579,2.481,0.274,0.823,0.410,6.580,-1.505,0
2014,8,3.202,2.803,2.621,1.381,1.376,0.131,-0.523,1.140,3.326,2.491,0.182,0.653,0.380,6.570,-1.412,0
2014,9,3.127,2.794,2.676,1.432,1.426,0.176,-0.418,1.188,3.213,2.500,0.119,0.594,0.380,6.600,-0.990,0
2014,10,3.197,2.974,2.765,1.527,1.513,0.261,-0.373,1.301,3.347,2.504,0.209,0.633,0.340,6.620,-0.985,0
2014,11,3.551,3.014,2.696,1.455,1.450,0.204,-0.570,1.222,3.584,2.492,0.318,0.774,0.370,6.620,-1.351,0
2014,12,3.674,3.224,2.875,1.618,1.622,0.369,-0.539,1.343,3.763,2.506,0.349,0.908,0.420,6.610,-1.480,0
2015,1,3.287,2.953,2.688,1.436,1.446,0.204,-0.727,1.113,3.680,2.484,0.265,0.931,0.430,6.620,-1.514,0
2015,2,3.427,2.936,2.727,1.477,1.478,0.229,-0.530,1.203,3.466,2.498,0.209,0.759,0.380,6.580,-1.154,0
2015,3,3.310,2.803,2.630,1.403,1.393,0.155,-0.441,1.181,3.244,2.475,0.173,0.596,0.460,6.710,-0.798,0
2015,4,3.087,2.800,2.583,1.350,1.338,0.094,-0.475,1.162,3.275,2.489,0.217,0.569,0.400,6.710,-1.250,0
2015,5,3.103,2.874,2.600,1.356,1.350,0.100,-0.667,1.103,3.541,2.500,0.274,0.767,0.430,6.680,-1.441,0
2015,6,3.163,2.918,2.622,1.365,1.364,0.106,-0.794,1.062,3.712,2.516,0.296,0.900,0.400,6.600,-1.444,0
2015,7,3.302,2.935,2.696,1.426,1.429,0.162,-0.740,1.098,3.675,2.534,0.239,0.902,0.390,6.580,-1.434,0
2015,8,3.310,2.861,2.685,1.406,1.400,0.115,-0.608,1.126,3.469,2.570,0.176,0.723,0.360,6.580,-1.268,0
2015,9,3.288,2.838,2.693,1.431,1.422,0.151,-0.389,1.225,3.226,2.542,0.145,0.540,0.340,6.610,-0.721,0
2015,10,3.325,2.940,2.742,1.469,1.464,0.186,-0.460,1.240,3.400,2.556,0.198,0.646,0.360,6.640,-1.259,0
2015,11,3.253,2.992,2.694,1.443,1.441,0.188,-0.612,1.190,3.604,2.506,0.298,0.800,0.410,6.680,-1.554,0
2015,12,3.627,3.269,2.908,1.662,1.659,0.410,-0.498,1.386,3.767,2.498,0.361,0.907,0.470,6.700,-1.596,0
2016,1,3.606,3.171,2.849,1.618,1.621,0.394,-0.441,1.365,3.612,2.455,0.322,0.835,0.530,6.700,-1.286,0
2016,2,3.320,2.916,2.729,1.501,1.504,0.279,-0.420,1.248,3.336,2.450,0.187,0.699,0.510,6.710,-1.259,0
2016,3,3.753,2.983,2.815,1.612,1.614,0.412,-0.231,1.376,3.214,2.403,0.168,0.643,0.450,6.730,-0.641,0
2016,4,3.229,2.831,2.604,1.376,1.362,0.120,-0.510,1.160,3.341,2.484,0.227,0.630,0.450,6.720,-1.151,0
2016,5,3.230,2.874,2.578,1.334,1.317,0.056,-0.666,1.104,3.540,2.522,0.296,0.722,0.450,6.700,-1.634,0
2016,6,3.204,2.917,2.616,1.352,1.346,0.077,-0.778,1.070,3.695,2.539,0.301,0.855,0.460,6.660,-1.536,0
2016,7,3.078,2.855,2.613,1.335,1.340,0.067,-0.826,1.014,3.681,2.546,0.242,0.893,0.450,6.630,-1.622,0
2016,8,3.139,2.794,2.634,1.367,1.363,0.092,-0.668,1.063,3.462,2.542,0.160,0.760,0.400,6.640,-1.364,0
2016,9,3.127,2.741,2.590,1.346,1.337,0.084,-0.466,1.137,3.207,2.506,0.151,0.550,0.420,6.680,-0.825,0
2016,10,3.606,2.978,2.767,1.539,1.530,0.293,-0.249,1.364,3.227,2.474,0.211,0.542,0.430,6.720,-1.162,0
2016,11,3.479,3.169,2.851,1.625,1.624,0.398,-0.383,1.393,3.552,2.453,0.318,0.781,0.440,6.730,-1.437,0
2016,12,3.435,3.038,2.672,1.420,1.427,0.183,-0.763,1.137,3.801,2.489,0.366,0.946,0.450,6.680,-1.727,0
2017,1,3.494,3.093,2.784,1.522,1.527,0.271,-0.632,1.230,3.725,2.513,0.309,0.903,0.470,6.660,-1.592,0
2017,2,3.427,3.077,2.849,1.607,1.609,0.369,-0.376,1.350,3.453,2.480,0.228,0.745,0.450,6.650,-1.072,0
2017,3,3.271,2.951,2.766,1.523,1.512,0.259,-0.293,1.329,3.244,2.507,0.185,0.552,0.370,6.640,-0.931,0
2017,4,3.325,2.954,2.736,1.509,1.498,0.261,-0.412,1.271,3.366,2.475,0.218,0.673,0.410,6.730,-1.445,0
2017,5,3.218,2.927,2.616,1.387,1.376,0.136,-0.665,1.131,3.592,2.480,0.311,0.801,0.390,6.650,-1.654,0
2017,6,3.224,2.984,2.648,1.402,1.399,0.150,-0.703,1.140,3.687,2.498,0.336,0.853,0.420,6.640,-1.726,0
2017,7,3.148,2.910,2.610,1.365,1.361,0.111,-0.722,1.094,3.632,2.499,0.300,0.833,0.460,6.590,-1.592,0
2017,8,3.113,2.820,2.644,1.410,1.411,0.178,-0.608,1.106,3.428,2.466,0.176,0.786,0.450,6.630,-1.370,0
2017,9,3.116,2.772,2.626,1.396,1.389,0.153,-0.492,1.140,3.264,2.473,0.146,0.645,0.390,6.660,-0.864,0
2017,10,3.123,2.800,2.559,1.335,1.322,0.086,-0.513,1.143,3.313,2.473,0.241,0.599,0.370,6.680,-1.152,0
2017,11,3.414,3.126,2.779,1.535,1.527,0.275,-0.462,1.332,3.588,2.504,0.347,0.737,0.370,6.670,-1.557,0
2017,12,3.228,2.969,2.626,1.364,1.369,0.112,-0.843,1.063,3.812,2.514,0.343,0.955,0.420,6.650,-1.915,0
2018,1,3.402,3.136,2.824,1.541,1.557,0.290,-0.727,1.204,3.863,2.534,0.312,1.017,0.470,6.640,-1.881,0
2018,2,3.251,2.796,2.592,1.356,1.361,0.131,-0.683,1.056,3.479,2.461,0.204,0.814,0.430,6.640,-1.600,0
2018,3,3.243,2.912,2.711,1.451,1.445,0.179,-0.434,1.239,3.346,2.532,0.201,0.613,0.450,6.720,-1.078,0
2018,4,3.108,2.843,2.622,1.396,1.385,0.149,-0.462,1.191,3.305,2.473,0.221,0.611,0.420,6.710,-1.184,0
2018,5,3.096,2.888,2.604,1.372,1.365,0.127,-0.693,1.097,3.581,2.477,0.284,0.820,0.440,6.670,-1.472,0
2018,6,3.153,2.893,2.589,1.353,1.353,0.117,-0.828,1.032,3.721,2.472,0.304,0.945,0.410,6.640,-1.762,0
2018,7,3.222,2.894,2.610,1.359,1.358,0.107,-0.836,1.029,3.730,2.503,0.284,0.943,0.400,6.600,-1.872,0
2018,8,3.221,2.847,2.642,1.392,1.390,0.138,-0.615,1.116,3.462,2.504,0.205,0.753,0.390,6.600,-1.621,0
2018,9,3.150,2.765,2.609,1.363,1.360,0.111,-0.542,1.111,3.307,2.498,0.156,0.653,0.370,6.640,-1.255,0
2018,10,3.118,2.846,2.645,1.403,1.389,0.133,-0.539,1.153,3.385,2.512,0.201,0.672,0.330,6.610,-1.054,0
2018,11,3.514,2.995,2.660,1.413,1.409,0.158,-0.663,1.166,3.658,2.502,0.335,0.821,0.380,6.660,-1.485,0
2018,12,3.481,3.154,2.780,1.532,1.533,0.287,-0.639,1.257,3.793,2.493,0.374,0.926,0.450,6.650,-1.594,0
2019,1,3.535,3.104,2.797,1.544,1.558,0.320,-0.675,1.215,3.779,2.477,0.307,0.995,0.510,6.680,-1.779,0
2019,2,3.217,2.984,2.769,1.519,1.526,0.284,-0.580,1.202,3.564,2.485,0.215,0.864,0.430,6.630,-1.543,0
2019,3,3.216,2.827,2.603,1.387,1.387,0.171,-0.545,1.141,3.372,2.432,0.224,0.716,0.490,6.760,-1.111,0
2019,4,3.128,2.875,2.613,1.402,1.396,0.179,-0.473,1.201,3.348,2.434,0.262,0.652,0.440,6.720,-1.221,0
2019,5,3.249,2.934,2.606,1.385,1.379,0.153,-0.627,1.153,3.561,2.453,0.328,0.780,0.460,6.730,-1.342,0
2019,6,3.124,2.871,2.549,1.307,1.313,0.077,-0.900,0.985,3.771,2.472,0.322,0.977,0.400,6.650,-1.612,0
2019,7,3.164,2.894,2.616,1.357,1.372,0.129,-0.912,0.991,3.806,2.487,0.278,1.041,0.430,6.640,-1.705,0
2019,8,3.234,2.836,2.643,1.364,1.371,0.100,-0.800,1.018,3.636,2.543,0.193,0.900,0.360,6.580,-1.664,0
2019,9,3.197,2.845,2.671,1.410,1.406,0.142,-0.504,1.170,3.349,2.529,0.174,0.646,0.370,6.630,-0.996,0
2019,10,3.170,2.821,2.594,1.328,1.322,0.051,-0.657,1.082,3.478,2.543,0.227,0.708,0.330,6.610,-1.508,0
2019,11,3.188,2.915,2.616,1.363,1.366,0.117,-0.772,1.072,3.687,2.499,0.299,0.889,0.440,6.710,-1.519,0
2019,12,3.476,3.129,2.760,1.520,1.528,0.297,-0.726,1.201,3.855,2.463,0.369,1.023,0.470,6.710,-1.460,0
2020,1,3.563,3.132,2.787,1.563,1.572,0.358,-0.623,1.254,3.755,2.429,0.345,0.981,0.490,6.670,-1.632,0
2020,2,3.241,2.827,2.594,1.372,1.383,0.172,-0.661,1.083,3.488,2.422,0.233,0.833,0.520,6.690,-1.647,0
2020,3,3.236,2.776,2.590,1.382,1.383,0.177,-0.568,1.104,3.344,2.413,0.186,0.745,0.430,6.690,-1.176,0
2020,4,3.113,2.802,2.542,1.325,1.322,0.101,-0.677,1.062,3.479,2.441,0.260,0.778,0.390,6.730,-1.321,0
2020,5,3.148,2.947,2.623,1.405,1.406,0.189,-0.706,1.120,3.653,2.434,0.324,0.895,0.410,6.700,-1.544,0
2020,6,3.126,2.932,2.602,1.356,1.360,0.118,-0.822,1.055,3.754,2.484,0.330,0.940,0.440,6.630,-1.640,0
2020,7,3.145,2.878,2.621,1.360,1.378,0.135,-0.883,0.997,3.761,2.486,0.257,1.018,0.450,6.590,-1.631,0
2020,8,3.204,2.811,2.614,1.363,1.375,0.136,-0.797,1.007,3.608,2.478,0.197,0.933,0.410,6.640,-1.409,0
2020,9,3.212,2.821,2.624,1.397,1.393,0.162,-0.554,1.133,3.375,2.462,0.197,0.716,0.390,6.660,-1.039,0
2020,10,3.273,2.807,2.570,1.347,1.342,0.113,-0.540,1.133,3.347,2.457,0.237,0.653,0.380,6.690,-1.472,0
2020,11,3.599,2.990,2.645,1.429,1.431,0.218,-0.676,1.157,3.666,2.427,0.345,0.894,0.400,6.690,-1.553,0
2020,12,3.416,3.007,2.663,1.419,1.444,0.225,-0.878,1.064,3.885,2.438,0.344,1.103,0.480,6.680,-1.879,0
2021,1,3.695,3.129,2.788,1.538,1.561,0.334,-0.760,1.185,3.889,2.454,0.341,1.094,0.460,6.630,-1.523,0
2021,2,3.453,2.906,2.640,1.416,1.432,0.225,-0.678,1.114,3.584,2.415,0.266,0.903,0.450,6.700,-1.454,0
2021,3,3.149,2.837,2.615,1.369,1.370,0.124,-0.572,1.132,3.409,2.491,0.222,0.696,0.360,6.650,-1.150,0
2021,4,3.203,2.812,2.549,1.303,1.302,0.054,-0.748,1.032,3.560,2.495,0.263,0.802,0.320,6.660,-1.627,0
2021,5,3.208,2.885,2.550,1.310,1.311,0.073,-0.901,0.992,3.786,2.477,0.335,0.974,0.330,6.640,-1.868,0
2021,6,3.292,3.003,2.632,1.394,1.405,0.179,-0.847,1.078,3.850,2.453,0.371,1.026,0.420,6.650,-1.865,0
2021,7,3.163,2.936,2.610,1.384,1.393,0.176,-0.792,1.072,3.728,2.434,0.326,0.968,0.450,6.610,-1.790,0
2021,8,3.135,2.818,2.615,1.395,1.411,0.207,-0.711,1.054,3.529,2.408,0.203,0.918,0.470,6.610,-1.433,0
2021,9,3.118,2.766,2.588,1.382,1.393,0.198,-0.610,1.078,3.376,2.390,0.178,0.808,0.380,6.700,-1.034,0
2021,10,3.310,2.932,2.653,1.456,1.459,0.264,-0.514,1.209,3.446,2.389,0.279,0.778,0.350,6.750,-1.299,0
2021,11,3.535,3.082,2.713,1.489,1.491,0.269,-0.600,1.241,3.682,2.444,0.369,0.869,0.400,6.720,-1.559,0
2021,12,3.510,3.218,2.830,1.582,1.604,0.379,-0.720,1.249,3.938,2.451,0.388,1.099,0.490,6.720,-1.998,0
2022,1,3.850,3.084,2.768,1.500,1.534,0.300,-0.866,1.109,3.950,2.468,0.316,1.166,0.510,6.680,-1.798,0
2022,2,3.170,2.785,2.528,1.302,1.317,0.106,-0.860,0.963,3.645,2.422,0.257,0.966,0.470,6.680,-1.802,0
2022,3,3.219,2.865,2.623,1.388,1.391,0.160,-0.619,1.123,3.484,2.463,0.242,0.779,0.440,6.740,-1.164,0
2022,4,3.117,2.858,2.581,1.364,1.362,0.143,-0.602,1.128,3.460,2.438,0.277,0.745,0.390,6.780,-1.305,0
