Year,Month,Highest,MHHW,MHW,MSL,MTL,MLW,MLLW,DTL,GT,MN,DHQ,DLQ,HWI,LWI,Lowest,Inferred,Datum,nwlon_station_id
1975,9,11.476,11.162,11.046,10.415,10.427,9.809,9.293,10.229,1.868,1.238,0.116,0.515,10.65,4.45,8.748,1,STND,9444090
1975,10,11.704,11.357,11.22,10.592,10.607,9.991,9.452,10.406,1.905,1.228,0.137,0.539,10.59,4.53,8.867,1,STND,9444090
1975,11,11.921,11.521,11.29,10.637,10.662,10.031,9.303,10.412,2.219,1.259,0.232,0.729,10.58,4.57,8.726,0,STND,9444090
1975,12,12.088,11.506,,10.528,,,9.104,10.305,2.402,,,,,,8.391,0,STND,9444090
1976,1,11.796,11.467,,10.54,,,9.165,10.314,2.301,,,,,,8.388,0,STND,9444090
1976,2,11.768,11.409,,10.601,,,9.449,10.43,1.96,,,,,,8.979,0,STND,9444090
1976,3,11.723,11.253,11.107,10.507,10.516,9.921,9.495,10.375,1.759,1.186,0.146,0.427,10.72,4.42,9.016,0,STND,9444090
1976,4,11.741,11.232,11.079,10.476,10.488,9.897,9.327,10.278,1.905,1.183,0.152,0.57,10.6,4.45,8.519,0,STND,9444090
1976,5,11.57,11.275,11.07,10.421,10.448,9.827,9.107,10.193,2.167,1.244,0.204,0.719,10.52,4.47,8.236,0,STND,9444090
1976,6,11.701,11.348,11.104,10.439,10.464,9.824,9.077,10.211,2.271,1.28,0.244,0.747,10.63,4.47,8.355,0,STND,9444090
1976,7,11.774,11.399,,10.497,,,9.202,10.302,2.198,,,,,,8.635,1,STND,9444090
1976,8,11.552,11.354,11.146,10.507,10.516,9.885,9.351,10.351,2.002,1.262,0.207,0.533,10.7,4.31,8.87,0,STND,9444090
1976,9,11.704,11.247,11.137,10.497,10.51,9.885,9.382,10.314,1.865,1.253,0.11,0.503,10.61,4.36,9.114,0,STND,9444090
1976,10,,11.25,,10.488,,,9.345,10.296,1.905,,,,,,,5,STND,9444090
1976,11,11.671,11.345,11.128,10.485,10.503,9.876,9.217,10.281,2.128,1.253,0.216,0.658,10.48,4.46,8.22,0,STND,9444090
1976,12,11.784,11.494,,10.567,,,9.199,10.345,2.295,,,,,,8.336,0,STND,9444090
1977,1,11.668,11.442,,10.525,,,9.181,10.311,2.262,,,,,,8.495,0,STND,9444090
1977,2,11.823,11.363,,10.564,,,9.37,10.366,1.993,,,,,,8.793,0,STND,9444090
1977,3,11.787,11.171,11.073,10.482,10.494,9.912,9.421,10.296,1.75,1.161,0.098,0.491,10.09,3.63,9.025,0,STND,9444090
1977,4,11.415,11.089,10.945,10.339,10.345,9.745,9.248,10.168,1.841,1.201,0.143,0.497,10.14,4.46,8.669,0,STND,9444090
1977,5,11.698,11.305,,10.522,,,9.196,10.25,2.109,,,,,,8.519,0,STND,9444090
1977,6,11.619,11.339,11.086,10.415,10.439,9.79,9.028,10.183,2.31,1.295,0.253,0.762,10.52,4.39,8.233,0,STND,9444090
1977,7,11.613,11.314,11.076,10.397,10.415,9.754,9.046,10.18,2.268,1.323,0.238,0.707,9.63,4.24,8.266,0,STND,9444090
1977,8,11.445,11.32,,10.497,,,9.351,10.336,1.969,,,,,,8.815,0,STND,9444090
1977,9,11.558,11.25,11.14,10.534,10.534,9.93,9.491,10.369,1.759,1.21,0.11,0.439,10.94,4.51,9.26,0,STND,9444090
1977,10,11.601,11.253,11.137,10.528,10.54,9.94,9.391,10.32,1.862,1.198,0.116,0.549,10.56,4.43,8.772,0,STND,9444090
1977,11,11.86,11.46,,10.625,,,9.348,10.403,2.112,,,,,,8.708,0,STND,9444090
1977,12,12.125,11.64,,10.744,,,9.385,10.513,2.256,,,,,,8.641,0,STND,9444090
1978,1,12.256,11.671,,10.778,,,9.498,10.583,2.173,,,,,,8.635,0,STND,9444090
1978,2,12.222,11.543,,10.735,,,9.58,10.561,1.963,,,,,,9.056,0,STND,9444090
1978,3,11.662,11.299,,10.577,,,9.485,10.391,1.814,,,,,,9.171,0,STND,9444090
1978,4,11.576,11.275,,10.54,,,9.427,10.351,1.847,,,,,,8.836,0,STND,9444090
1978,5,11.561,11.259,,10.415,,,9.214,10.235,2.045,,,,,,8.425,0,STND,9444090
1978,6,11.631,11.32,11.064,10.424,10.439,9.815,9.117,10.217,2.204,1.25,0.256,0.698,10.54,4.48,8.284,0,STND,9444090
1978,7,,11.317,,10.424,,,9.104,10.211,2.213,,,,,,,5,STND,9444090
1978,8,11.546,11.275,11.107,10.476,10.488,9.873,9.29,10.284,1.984,1.234,0.168,0.582,10.76,4.49,8.608,0,STND,9444090
1978,9,11.576,11.244,11.14,10.537,10.543,9.949,9.507,10.375,1.737,1.192,0.104,0.442,10.7,4.46,9.092,0,STND,9444090
1978,10,11.436,11.204,11.073,10.455,10.458,9.842,9.376,10.29,1.829,1.231,0.131,0.466,10.5,4.49,8.989,0,STND,9444090
1978,11,11.692,11.311,11.101,10.455,10.47,9.839,9.162,10.235,2.149,1.262,0.21,0.677,10.42,4.5,8.659,0,STND,9444090
1978,12,11.576,11.418,11.159,10.476,10.5,9.842,9.025,10.22,2.393,1.317,0.259,0.817,10.46,4.32,8.089,0,STND,9444090
1979,1,11.686,11.436,11.25,10.513,10.513,9.775,9.141,10.287,2.295,1.475,0.186,0.634,,,8.287,0,STND,9444090
1979,2,11.863,11.5,11.345,10.692,10.683,10.025,9.504,10.5,1.996,1.32,0.155,0.521,,,9.111,0,STND,9444090
1979,3,11.695,11.253,11.137,10.531,10.537,9.94,9.488,10.369,1.765,1.198,0.116,0.451,10.75,4.47,9.086,0,STND,9444090
1979,4,11.421,11.207,11.07,10.467,10.47,9.869,9.33,10.269,1.878,1.201,0.137,0.539,10.6,4.51,8.793,0,STND,9444090
1979,5,11.47,11.226,11.031,10.412,10.43,9.833,9.168,10.199,2.057,1.198,0.195,0.664,10.46,4.52,8.641,0,STND,9444090
1979,6,11.439,11.256,11.012,10.375,10.394,9.775,9.071,10.162,2.185,1.237,0.244,0.704,10.46,4.46,8.44,0,STND,9444090
1979,7,11.698,11.336,11.079,10.455,10.47,9.857,9.214,10.275,2.121,1.222,0.256,0.643,10.56,4.37,8.547,0,STND,9444090
1979,8,11.5,11.278,11.073,10.455,10.464,9.854,9.29,10.284,1.99,1.219,0.204,0.564,10.79,4.32,8.409,0,STND,9444090
1979,9,11.588,11.223,11.119,10.503,10.516,9.912,9.415,10.321,1.807,1.207,0.104,0.494,10.63,4.45,8.961,0,STND,9444090
1979,10,11.653,11.32,11.192,10.574,10.583,9.97,9.482,10.403,1.838,1.222,0.131,0.488,10.51,4.47,8.94,0,STND,9444090
1979,11,11.717,11.415,11.211,10.564,10.583,9.958,9.336,10.375,2.082,1.25,0.207,0.625,10.3,4.53,8.806,0,STND,9444090
1979,12,12.04,11.625,11.354,10.698,10.72,10.089,9.296,10.461,2.332,1.265,0.274,0.792,10.62,4.21,8.65,0,STND,9444090
1980,1,12.049,11.543,11.32,10.644,10.628,9.94,9.217,10.378,2.323,1.381,0.223,0.722,,,8.425,0,STND,9444090
1980,2,11.854,11.479,11.329,10.677,10.695,10.061,9.461,10.47,2.018,1.268,0.152,0.597,,,8.708,0,STND,9444090
1980,3,11.61,11.265,11.171,10.577,10.577,9.985,9.552,10.409,1.713,1.186,0.094,0.433,,,9.065,0,STND,9444090
1980,4,11.585,11.256,11.107,10.506,10.516,9.927,9.427,10.342,1.829,1.18,0.149,0.5,10.57,4.51,8.891,0,STND,9444090
1980,5,11.558,11.281,11.079,10.449,10.47,9.86,9.208,10.244,2.076,1.219,0.204,0.652,10.38,4.44,8.483,0,STND,9444090
1980,6,11.616,11.366,11.122,10.464,10.491,9.86,9.135,10.25,2.231,1.259,0.244,0.725,10.44,4.39,8.513,0,STND,9444090
1980,7,11.543,11.32,11.095,10.418,10.424,9.754,9.098,10.211,2.222,1.341,0.226,0.655,,,8.507,0,STND,9444090
1980,8,11.464,11.314,11.104,10.461,10.47,9.836,9.278,10.296,2.036,1.268,0.21,0.558,10.57,4.35,8.705,0,STND,9444090
1980,9,11.555,11.207,11.11,10.482,10.494,9.879,9.351,10.281,1.853,1.231,0.098,0.524,10.63,4.42,9.071,0,STND,9444090
1980,10,11.637,11.207,11.101,10.476,10.491,9.882,9.403,10.305,1.801,1.219,0.107,0.479,10.53,4.48,8.638,0,STND,9444090
1980,11,11.89,11.421,11.217,10.586,10.598,9.979,9.424,10.424,1.996,1.237,0.204,0.555,,,8.303,0,STND,9444090
1980,12,12.012,11.585,11.348,10.674,10.711,10.074,9.321,10.455,2.265,1.274,0.238,0.753,,,8.577,0,STND,9444090
1981,1,11.909,11.567,11.384,10.659,10.659,9.933,9.324,10.445,2.24,1.454,0.18,0.607,,,8.629,0,STND,9444090
1981,2,11.845,11.39,11.256,10.595,10.589,9.918,9.37,10.381,2.021,1.338,0.134,0.549,,,8.708,0,STND,9444090
1981,3,11.403,11.247,11.15,10.534,10.558,9.967,9.406,10.327,1.841,1.18,0.101,0.561,,4.5,9.01,0,STND,9444090
1981,4,11.473,11.204,11.076,10.461,10.473,9.869,9.342,10.272,1.859,1.207,0.128,0.527,,,8.833,0,STND,9444090
1981,5,11.622,11.302,11.092,10.445,10.47,9.845,9.214,10.257,2.088,1.244,0.21,0.631,10.44,4.43,8.452,0,STND,9444090
1981,6,11.698,11.351,11.101,10.43,10.461,9.821,9.034,10.193,2.32,1.28,0.25,0.786,10.47,4.42,8.303,0,STND,9444090
1981,7,11.57,11.336,11.125,10.421,10.427,9.729,8.961,10.15,2.374,1.396,0.21,0.768,,,8.163,1,STND,9444090
1981,8,11.433,11.275,11.116,10.442,10.445,9.778,9.19,10.232,2.088,1.338,0.162,0.588,,,8.62,0,STND,9444090
1981,9,11.43,11.183,11.076,10.461,10.473,9.866,9.394,10.29,1.792,1.213,0.107,0.472,10.68,4.44,9.019,0,STND,9444090
1981,10,11.534,11.281,11.165,10.549,10.57,9.973,9.406,10.345,1.875,1.189,0.119,0.567,10.56,4.38,8.69,0,STND,9444090
1981,11,12.293,11.54,11.354,10.689,10.726,10.098,9.342,10.439,2.198,1.256,0.186,0.756,,,8.824,0,STND,9444090
1981,12,12.107,11.631,11.424,10.698,10.711,9.997,9.269,10.452,2.362,1.426,0.207,0.728,,,8.327,0,STND,9444090
1982,1,11.762,11.5,11.287,10.586,10.583,9.882,9.251,10.375,2.249,1.408,0.213,0.628,,,8.156,0,STND,9444090
1982,2,11.781,11.473,11.342,10.628,10.613,9.888,9.409,10.439,2.06,1.454,0.131,0.475,,,8.352,0,STND,9444090
1982,3,11.777,11.403,11.275,10.644,10.656,10.037,9.501,10.452,1.902,1.234,0.131,0.536,,,8.912,0,STND,9444090
1982,4,11.601,11.357,11.241,10.592,10.607,9.97,9.397,10.375,1.963,1.271,0.116,0.576,,,8.58,0,STND,9444090
1982,5,11.534,11.253,11.061,10.397,10.412,9.763,9.123,10.189,2.131,1.298,0.192,0.637,,,8.123,0,STND,9444090
1982,6,11.79,11.398,11.15,10.479,10.511,9.873,9.12,10.259,2.278,1.277,0.248,0.753,2.42,8.77,8.15,0,STND,9444090
1982,7,11.738,11.381,11.159,10.464,10.482,9.805,9.092,10.235,2.289,1.353,0.223,0.713,,,8.187,0,STND,9444090
1982,8,11.555,11.329,11.171,10.485,10.488,9.805,9.199,10.263,2.131,1.369,0.155,0.607,,,8.437,0,STND,9444090
1982,9,11.454,11.272,11.171,10.531,10.549,9.924,9.382,10.327,1.89,1.247,0.101,0.546,,,8.812,0,STND,9444090
1982,10,11.723,11.384,11.247,10.616,10.58,9.909,9.491,10.436,1.896,1.338,0.137,0.421,,,8.915,0,STND,9444090
1982,11,12.229,11.616,11.448,10.735,10.759,10.074,9.394,10.503,2.222,1.372,0.168,0.68,,,8.757,0,STND,9444090
1982,12,12.174,11.735,11.543,10.772,10.799,10.058,9.248,10.491,2.487,1.487,0.192,0.811,,,8.181,0,STND,9444090
1983,1,12.335,11.796,11.61,10.857,10.854,10.098,9.37,10.583,2.426,1.512,0.186,0.728,,,8.458,0,STND,9444090
1983,2,11.924,11.732,11.582,10.884,10.894,10.208,9.595,10.662,2.134,1.378,0.146,0.61,,,8.925,0,STND,9444090
1983,3,11.805,11.546,11.43,10.799,10.811,10.189,9.671,10.61,1.871,1.241,0.113,0.518,,,9.135,0,STND,9444090
1983,4,11.585,11.329,11.201,10.558,10.577,9.952,9.382,10.357,1.948,1.253,0.128,0.567,,,8.9,0,STND,9444090
1983,5,11.537,11.363,11.186,10.51,10.537,9.888,9.174,10.269,2.192,1.298,0.18,0.716,,,8.455,0,STND,9444090
1983,6,11.75,11.424,11.214,10.513,10.552,9.888,9.101,10.263,2.32,1.326,0.21,0.786,,,8.306,0,STND,9444090
1983,7,11.753,11.467,11.238,10.549,10.549,9.86,9.196,10.33,2.271,1.378,0.229,0.664,,,8.248,0,STND,9444090
1983,8,11.79,11.418,11.229,10.546,10.54,9.851,9.296,10.357,2.118,1.378,0.189,0.555,,,8.379,0,STND,9444090
1983,9,11.543,11.302,11.183,10.525,10.54,9.9,9.318,10.308,1.984,1.283,0.119,0.582,,,8.687,0,STND,9444090
1983,10,11.512,11.302,11.183,10.519,10.54,9.897,9.302,10.302,1.999,1.286,0.119,0.591,,,8.882,0,STND,9444090
1983,11,11.994,11.726,11.546,10.833,10.863,10.18,9.543,10.634,2.182,1.366,0.18,0.637,,,8.717,0,STND,9444090
1983,12,11.723,11.567,11.345,10.583,10.567,9.787,9.107,10.339,2.457,1.558,0.223,0.68,,,8.156,0,STND,9444090
1984,1,11.671,11.476,11.332,10.513,10.528,9.726,9.01,10.241,2.466,1.606,0.143,0.716,,,8.129,0,STND,9444090
1984,2,11.954,11.467,11.323,10.641,10.644,9.964,9.333,10.4,2.137,1.359,0.143,0.634,,,8.589,0,STND,9444090
1984,3,11.762,11.336,11.232,10.598,10.589,9.946,9.452,10.394,1.887,1.286,0.104,0.494,,,9.028,0,STND,9444090
1984,4,11.753,11.293,11.15,10.506,10.513,9.876,9.363,10.327,1.929,1.274,0.143,0.512,,,8.897,0,STND,9444090
1984,5,11.582,11.366,11.168,10.476,10.494,9.821,9.12,10.244,2.249,1.347,0.201,0.701,,,8.504,0,STND,9444090
1984,6,11.723,11.393,11.165,10.442,10.436,9.705,8.976,10.183,2.417,1.46,0.229,0.732,,,8.291,0,STND,9444090
1984,7,11.701,11.381,11.159,10.433,10.412,9.662,8.961,10.171,2.42,1.5,0.219,0.701,,,8.379,0,STND,9444090
1984,8,11.607,11.372,11.207,10.488,10.452,9.693,9.202,10.287,2.17,1.515,0.165,0.491,,,8.644,0,STND,9444090
1984,9,11.521,11.29,11.192,10.513,10.51,9.824,9.29,10.29,2.003,1.366,0.101,0.536,,,8.915,0,STND,9444090
1984,10,11.707,11.369,11.247,10.58,10.613,9.982,9.312,10.342,2.057,1.262,0.125,0.671,,,8.583,0,STND,9444090
1984,11,11.933,11.668,11.494,10.769,10.766,10.04,9.382,10.525,2.286,1.454,0.174,0.658,,,8.519,0,STND,9444090
1984,12,11.817,11.528,11.323,10.574,10.467,9.613,9.156,10.342,2.371,1.713,0.204,0.454,,,8.275,0,STND,9444090
1985,1,11.68,11.412,11.256,10.479,10.476,9.696,9.031,10.223,2.38,1.564,0.155,0.661,,,8.44,0,STND,9444090
1985,2,11.881,11.317,11.165,10.445,10.418,9.671,9.089,10.205,2.225,1.494,0.149,0.579,,,8.33,0,STND,9444090
1985,3,11.485,11.217,11.116,10.43,10.427,9.738,9.193,10.205,2.024,1.378,0.101,0.546,,,8.754,0,STND,9444090
1985,4,11.531,11.256,11.116,10.452,10.494,9.872,9.193,10.226,2.063,1.241,0.14,0.68,,,8.629,0,STND,9444090
1985,5,11.707,11.323,11.101,10.412,10.461,9.818,9.083,10.205,2.237,1.283,0.223,0.735,,,8.3,0,STND,9444090
1985,6,11.78,11.406,11.195,10.427,10.409,9.623,8.928,10.168,2.478,1.576,0.21,0.692,,,8.217,0,STND,9444090
1985,7,11.717,11.418,11.229,10.449,10.418,9.607,8.937,10.177,2.484,1.622,0.189,0.671,,,8.193,0,STND,9444090
1985,8,11.549,11.308,11.177,10.436,10.421,9.662,9.086,10.199,2.225,1.515,0.131,0.579,,,8.592,0,STND,9444090
1985,9,11.573,11.256,11.156,10.491,10.488,9.818,9.333,10.293,1.923,1.338,0.098,0.485,,,8.909,0,STND,9444090
1985,10,11.646,11.311,11.18,10.516,10.482,9.784,9.263,10.287,2.048,1.396,0.131,0.521,,,8.522,0,STND,9444090
1985,11,11.747,11.378,11.201,10.476,10.436,9.674,9.056,10.217,2.323,1.527,0.177,0.616,,,8.147,0,STND,9444090
1985,12,11.735,11.445,11.265,10.476,10.485,9.702,8.952,10.199,2.493,1.564,0.18,0.75,,,7.943,0,STND,9444090
1986,1,12.107,11.653,11.482,10.698,10.668,9.857,9.205,10.427,2.451,1.622,0.174,0.655,,,8.385,0,STND,9444090
1986,2,11.875,11.555,11.412,10.686,10.662,9.909,9.36,10.458,2.195,1.503,0.143,0.552,,,8.44,0,STND,9444090
1986,3,11.634,11.424,11.342,10.619,10.601,9.857,9.373,10.397,2.051,1.484,0.082,0.488,,,8.818,0,STND,9444090
1986,4,11.695,11.262,11.134,10.433,10.455,9.778,9.138,10.199,2.124,1.356,0.128,0.64,,,8.4,0,STND,9444090
1986,5,11.823,11.357,11.183,10.458,10.488,9.793,9.098,10.229,2.259,1.393,0.174,0.695,,,8.15,0,STND,9444090
1986,6,11.741,11.412,11.189,10.449,10.409,9.626,9.019,10.214,2.39,1.564,0.219,0.607,,,7.986,0,STND,9444090
1986,7,11.668,11.381,11.211,10.433,10.339,9.47,9.007,10.193,2.374,1.74,0.171,0.463,,,8.083,0,STND,9444090
1986,8,11.649,11.332,11.198,10.455,10.436,9.677,9.114,10.223,2.222,1.521,0.134,0.564,,,8.455,0,STND,9444090
1986,9,,11.332,11.229,10.485,10.473,9.717,9.257,10.293,2.076,1.512,0.104,0.46,,,,11,STND,9444090
1986,10,,11.305,11.18,10.455,10.458,9.735,9.214,10.26,2.091,1.445,0.125,0.521,,,,11,STND,9444090
1986,11,,11.467,11.281,10.516,10.528,9.775,9.126,10.296,2.341,1.506,0.186,0.649,,,,11,STND,9444090
1986,12,12.143,11.653,11.5,10.628,10.549,9.598,9.037,10.345,2.615,1.902,0.152,0.561,,,8.175,0,STND,9444090
1987,1,12.149,11.628,11.445,10.638,10.634,9.824,9.095,10.363,2.533,1.625,0.183,0.728,,,8.373,0,STND,9444090
1987,2,11.976,11.531,11.421,10.659,10.653,9.888,9.336,10.433,2.198,1.533,0.11,0.552,,,8.528,0,STND,9444090
1987,3,11.817,11.424,11.299,10.638,10.601,9.9,9.461,10.442,1.963,1.399,0.122,0.439,,,8.882,0,STND,9444090
1987,4,11.552,11.281,11.122,10.452,10.445,9.772,9.174,10.226,2.106,1.35,0.158,0.597,,,8.614,0,STND,9444090
1987,5,11.781,11.4,11.217,10.497,10.494,9.772,9.08,10.241,2.32,1.445,0.186,0.692,,,8.291,0,STND,9444090
1987,6,11.75,11.381,11.204,10.43,10.324,9.446,8.949,10.165,2.432,1.759,0.177,0.497,,,8.028,0,STND,9444090
1987,7,11.835,11.454,11.241,10.51,10.458,9.671,9.092,10.275,2.362,1.57,0.213,0.579,,,8.071,0,STND,9444090
1987,8,11.717,11.357,11.186,10.461,10.436,9.69,9.168,10.263,2.188,1.497,0.171,0.521,,,8.315,0,STND,9444090
1987,9,11.464,11.268,11.168,10.461,10.424,9.683,9.196,10.232,2.073,1.484,0.101,0.488,,,8.605,0,STND,9444090
1987,10,11.515,11.275,11.159,10.458,10.452,9.744,9.178,10.226,2.097,1.414,0.116,0.567,,,8.501,0,STND,9444090
1987,11,11.884,11.482,11.29,10.564,10.522,9.757,9.187,10.336,2.295,1.533,0.192,0.57,,,8.47,0,STND,9444090
1987,12,12.152,11.653,11.509,10.659,10.54,9.574,9.11,10.381,2.539,1.935,0.143,0.46,,,8.065,0,STND,9444090
1988,1,12.03,11.579,11.409,10.616,10.51,9.607,9.104,10.342,2.478,1.801,0.171,0.506,,,8.196,0,STND,9444090
1988,2,11.634,11.311,11.165,10.449,10.421,9.677,9.12,10.214,2.188,1.49,0.143,0.555,,,8.294,0,STND,9444090
1988,3,11.634,11.244,11.125,10.467,10.439,9.751,9.293,10.269,1.951,1.375,0.119,0.457,,,8.702,0,STND,9444090
1988,4,11.506,11.305,11.153,10.485,10.497,9.842,9.269,10.287,2.036,1.311,0.152,0.573,,,8.608,0,STND,9444090
1988,5,11.701,11.4,11.217,10.491,10.458,9.702,9.074,10.235,2.323,1.515,0.183,0.625,,,8.507,0,STND,9444090
1988,6,11.732,11.412,11.232,10.442,10.357,9.485,8.928,10.171,2.484,1.747,0.183,0.555,,,8.233,0,STND,9444090
1988,7,11.677,11.39,11.189,10.412,10.372,9.552,8.931,10.159,2.457,1.64,0.198,0.622,,,8.254,0,STND,9444090
1988,8,11.576,11.339,11.186,10.442,10.412,9.641,9.15,10.244,2.185,1.545,0.149,0.488,,,8.55,0,STND,9444090
1988,9,11.54,11.226,11.113,10.424,10.412,9.711,9.165,10.196,2.06,1.405,0.113,0.546,,,8.72,0,STND,9444090
1988,10,11.576,11.259,11.128,10.445,10.442,9.76,9.132,10.196,2.128,1.369,0.131,0.628,,,8.294,0,STND,9444090
1988,11,12.229,11.567,11.406,10.656,10.595,9.784,9.248,10.406,2.323,1.622,0.162,0.539,,,8.632,0,STND,9444090
1988,12,11.942,11.457,11.278,10.476,10.363,9.449,9.01,10.232,2.448,1.829,0.18,0.442,,,8.278,0,STND,9444090
1989,1,11.695,11.454,11.302,10.5,10.391,9.476,9.071,10.263,2.384,1.829,0.152,0.405,,,8.306,0,STND,9444090
1989,2,11.451,11.299,11.156,10.406,10.357,9.562,9.04,10.171,2.259,1.594,0.143,0.521,,,8.117,0,STND,9444090
1989,3,11.912,11.427,11.317,10.619,10.601,9.882,9.36,10.394,2.063,1.436,0.11,0.521,,,8.891,0,STND,9444090
1989,4,11.57,11.317,11.177,10.497,10.488,9.799,9.214,10.266,2.103,1.378,0.14,0.585,,,8.483,0,STND,9444090
1989,5,11.677,11.366,11.143,10.452,10.418,9.69,9.092,10.229,2.271,1.454,0.223,0.597,,,8.248,0,STND,9444090
1989,6,11.823,11.403,11.226,10.442,10.372,9.516,8.928,10.165,2.472,1.71,0.174,0.588,,,8.187,0,STND,9444090
1989,7,11.738,11.4,11.226,10.455,10.357,9.488,8.97,10.186,2.429,1.737,0.174,0.518,,,8.431,0,STND,9444090
1989,8,11.622,11.317,11.177,10.445,10.421,9.668,9.132,10.226,2.188,1.512,0.14,0.536,,,8.641,0,STND,9444090
1989,9,11.646,11.262,11.159,10.467,10.449,9.741,9.302,10.281,1.963,1.417,0.107,0.439,,,8.8,0,STND,9444090
1989,10,11.616,11.305,11.15,10.494,10.51,9.866,9.208,10.257,2.097,1.286,0.155,0.658,,,8.388,0,STND,9444090
1989,11,11.854,11.439,11.259,10.513,10.449,9.638,9.062,10.25,2.377,1.622,0.18,0.579,,,8.019,0,STND,9444090
1989,12,11.759,11.467,11.32,10.488,10.406,9.491,8.946,10.208,2.521,1.829,0.146,0.546,,,7.967,0,STND,9444090
1990,1,12.058,11.567,11.381,10.61,10.57,9.763,9.202,10.385,2.365,1.615,0.189,0.561,,,8.33,0,STND,9444090
1990,2,11.945,11.445,11.293,10.574,10.5,9.711,9.284,10.363,2.161,1.582,0.152,0.427,,,8.766,0,STND,9444090
1990,3,11.585,11.299,11.18,10.485,10.455,9.729,9.235,10.269,2.063,1.448,0.122,0.494,,,8.577,0,STND,9444090
1990,4,11.729,11.284,11.128,10.452,10.445,9.763,9.147,10.214,2.137,1.369,0.152,0.613,,,8.342,0,STND,9444090
1990,5,11.774,11.329,11.131,10.436,10.479,9.827,9.053,10.189,2.277,1.305,0.198,0.774,,,8.123,0,STND,9444090
1990,6,,11.421,11.177,10.5,10.5,9.824,9.086,10.253,2.335,1.353,0.244,0.738,,,,11,STND,9444090
1990,7,,11.387,11.198,10.467,10.467,9.735,9.071,10.229,2.316,1.463,0.189,0.664,,,,11,STND,9444090
1990,8,11.601,11.354,11.22,10.488,10.458,9.693,9.211,10.284,2.143,1.524,0.137,0.482,,,8.726,0,STND,9444090
1990,9,11.531,11.259,11.156,10.491,10.488,9.818,9.299,10.281,1.957,1.341,0.101,0.515,,,8.964,0,STND,9444090
1990,10,11.497,11.32,11.171,10.513,10.513,9.854,9.312,10.317,2.012,1.317,0.149,0.543,,,8.489,0,STND,9444090
1990,11,11.781,11.546,11.345,10.628,10.616,9.891,9.205,10.375,2.338,1.454,0.201,0.686,,,8.211,0,STND,9444090
1990,12,12.021,11.561,11.342,10.54,10.464,9.586,8.976,10.269,2.585,1.759,0.219,0.607,,,8.044,0,STND,9444090
1991,1,11.848,11.488,11.287,10.519,10.461,9.635,9.046,10.269,2.441,1.649,0.201,0.588,,,8.022,0,STND,9444090
1991,2,11.893,11.506,11.387,10.659,10.644,9.903,9.415,10.461,2.091,1.484,0.119,0.488,,,8.745,0,STND,9444090
1991,3,11.68,11.36,11.247,10.592,10.574,9.9,9.461,10.412,1.899,1.347,0.113,0.436,,,9.05,0,STND,9444090
1991,4,11.555,11.272,11.104,10.464,10.452,9.802,9.223,10.247,2.048,1.301,0.168,0.579,,,8.513,0,STND,9444090
1991,5,11.619,11.284,11.089,10.397,10.43,9.769,9.007,10.144,2.277,1.32,0.195,0.765,,,8.217,0,STND,9444090
1991,6,11.653,11.302,11.104,10.363,10.336,9.568,8.937,10.119,2.365,1.539,0.198,0.631,,,8.016,0,STND,9444090
1991,7,11.726,11.345,11.143,10.406,10.366,9.586,9.053,10.199,2.289,1.558,0.201,0.533,,,8.166,0,STND,9444090
1991,8,11.835,11.4,11.22,10.513,10.482,9.741,9.299,10.348,2.1,1.478,0.18,0.445,,,8.565,0,STND,9444090
1991,9,11.488,11.25,11.143,10.433,10.421,9.699,9.242,10.247,2.006,1.445,0.107,0.457,,,8.861,0,STND,9444090
1991,10,11.738,11.284,11.143,10.491,10.516,9.888,9.235,10.26,2.048,1.256,0.14,0.652,,,8.589,0,STND,9444090
1991,11,11.89,11.479,11.256,10.558,10.564,9.872,9.202,10.342,2.277,1.384,0.223,0.671,,,8.355,0,STND,9444090
1991,12,11.896,11.579,11.424,10.589,10.583,9.738,9.114,10.345,2.469,1.686,0.155,0.625,,,8.181,0,STND,9444090
1992,1,12.094,11.683,11.515,10.735,10.668,9.821,9.306,10.494,2.377,1.698,0.168,0.515,,,8.336,0,STND,9444090
1992,2,,11.633,11.489,10.816,10.798,10.108,9.553,10.594,2.08,1.381,0.144,0.555,,,,11,STND,9444090
1992,3,11.619,11.363,11.247,10.622,10.628,10.013,9.504,10.433,1.859,1.234,0.116,0.509,,,9.181,0,STND,9444090
1992,4,11.845,11.387,11.241,10.598,10.61,9.979,9.424,10.406,1.96,1.262,0.146,0.555,,,8.845,0,STND,9444090
1992,5,11.5,11.326,11.116,10.436,10.452,9.787,9.059,10.193,2.268,1.329,0.21,0.725,,,8.522,0,STND,9444090
1992,6,11.781,11.39,11.156,10.449,10.445,9.738,8.989,10.189,2.402,1.414,0.238,0.75,,,8.23,0,STND,9444090
1992,7,11.717,11.424,11.253,10.516,10.461,9.665,9.089,10.257,2.335,1.588,0.171,0.579,,,8.385,0,STND,9444090
1992,8,11.567,11.357,11.195,10.528,10.479,9.763,9.302,10.33,2.054,1.43,0.162,0.463,,,8.714,0,STND,9444090
1992,9,11.573,11.235,11.131,10.549,10.516,9.903,9.388,10.311,1.847,1.228,0.104,0.512,,,9.071,0,STND,9444090
1992,10,,11.337,11.218,10.56,10.539,9.858,9.333,10.338,2.004,1.364,0.119,0.525,,,,11,STND,9444090
1992,11,11.951,11.42,11.227,10.559,10.572,9.917,9.197,10.308,2.223,1.31,0.193,0.72,,,8.525,0,STND,9444090
1992,12,12.085,11.565,11.373,10.627,10.596,9.82,9.222,10.393,2.343,1.553,0.192,0.598,,,8.461,0,STND,9444090
1993,1,12.012,11.607,11.427,10.662,10.616,9.805,9.293,10.452,2.316,1.622,0.183,0.512,,,8.452,0,STND,9444090
1993,2,11.784,11.454,11.323,10.607,10.577,9.833,9.363,10.409,2.091,1.487,0.131,0.469,,,8.687,0,STND,9444090
1993,3,11.567,11.378,11.262,10.616,10.586,9.912,9.427,10.403,1.951,1.35,0.116,0.485,,,8.995,0,STND,9444090
1993,4,11.857,11.418,11.287,10.656,10.677,10.068,9.44,10.43,1.978,1.216,0.131,0.628,,,8.94,0,STND,9444090
1993,5,11.771,11.485,11.265,10.619,10.644,10.022,9.336,10.412,2.149,1.244,0.223,0.686,,,8.574,0,STND,9444090
1993,6,11.878,11.512,11.299,10.57,10.58,9.863,9.174,10.345,2.338,1.436,0.216,0.686,,,8.623,0,STND,9444090
1993,7,11.598,11.424,11.217,10.482,10.47,9.72,9.11,10.266,2.313,1.497,0.207,0.613,,,8.562,0,STND,9444090
1993,8,11.689,11.317,11.162,10.479,10.473,9.784,9.263,10.29,2.054,1.378,0.155,0.521,,,8.702,0,STND,9444090
1993,9,11.57,11.229,11.11,10.482,10.479,9.848,9.431,10.33,1.798,1.262,0.119,0.415,,,8.952,0,STND,9444090
1993,10,11.671,11.259,11.116,10.494,10.51,9.903,9.324,10.293,1.935,1.213,0.143,0.579,10.51,4.47,8.556,0,STND,9444090
1993,11,11.619,11.323,11.137,10.449,10.479,9.821,9.08,10.202,2.243,1.317,0.183,0.744,,,8.251,0,STND,9444090
1993,12,12.183,11.561,11.375,10.622,10.641,9.909,9.165,10.363,2.396,1.466,0.189,0.744,,,8.586,0,STND,9444090
1994,1,11.948,11.534,11.342,10.604,10.555,9.769,9.232,10.381,2.298,1.573,0.189,0.536,,,8.586,0,STND,9444090
1994,2,11.744,11.479,11.311,10.644,10.61,9.909,9.479,10.479,1.999,1.402,0.168,0.43,,,8.87,0,STND,9444090
1994,3,11.902,11.323,11.189,10.546,10.531,9.876,9.412,10.366,1.914,1.317,0.134,0.463,,,8.8,0,STND,9444090
1994,4,11.692,11.259,11.11,10.482,10.5,9.891,9.254,10.257,2.006,1.219,0.149,0.637,10.51,4.38,8.352,0,STND,9444090
1994,5,11.671,11.316,11.103,10.462,10.487,9.871,9.155,10.236,2.161,1.232,0.213,0.716,10.38,4.42,8.208,0,STND,9444090
1994,6,11.677,11.375,11.11,10.463,10.488,9.865,9.132,10.253,2.243,1.245,0.265,0.733,10.63,4.4,8.288,0,STND,9444090
1994,7,11.622,11.363,11.152,10.446,10.442,9.732,9.176,10.27,2.187,1.42,0.211,0.556,,,8.586,0,STND,9444090
1994,8,11.473,11.286,11.129,10.461,10.449,9.769,9.29,10.288,1.996,1.36,0.157,0.479,,,8.857,0,STND,9444090
1994,9,11.546,11.198,11.093,10.475,10.488,9.882,9.377,10.288,1.821,1.211,0.105,0.505,10.57,4.4,9.107,0,STND,9444090
1994,10,11.665,11.26,11.126,10.506,10.511,9.896,9.396,10.328,1.864,1.23,0.134,0.5,,,8.699,0,STND,9444090
1994,11,11.921,11.475,11.252,10.607,10.625,9.998,9.3,10.387,2.175,1.254,0.223,0.698,,,8.556,0,STND,9444090
1994,12,12.0,11.698,11.5,10.742,10.737,9.974,9.285,10.492,2.413,1.526,0.198,0.689,,,8.193,0,STND,9444090
1995,1,11.991,11.733,11.533,10.793,10.755,9.976,9.361,10.547,2.372,1.557,0.2,0.615,,,8.327,0,STND,9444090
1995,2,11.704,11.416,11.303,10.616,10.609,9.915,9.438,10.427,1.978,1.388,0.113,0.477,,,8.949,0,STND,9444090
1995,3,12.052,11.421,11.305,10.698,10.693,10.081,9.667,10.544,1.754,1.224,0.116,0.414,,,9.132,0,STND,9444090
1995,4,11.558,11.237,11.078,10.473,10.484,9.89,9.341,10.289,1.896,1.188,0.159,0.549,10.61,4.46,8.611,0,STND,9444090
1995,5,11.671,11.292,11.084,10.436,10.462,9.839,9.138,10.215,2.154,1.245,0.208,0.701,10.42,4.41,8.315,0,STND,9444090
1995,6,11.732,11.327,11.108,10.432,10.452,9.796,9.074,10.2,2.253,1.312,0.219,0.722,,,8.303,0,STND,9444090
1995,7,11.698,11.373,11.159,10.477,10.473,9.787,9.175,10.274,2.198,1.372,0.214,0.612,,,8.358,0,STND,9444090
1995,8,11.585,11.3,11.122,10.463,10.449,9.776,9.334,10.317,1.966,1.346,0.178,0.442,,,8.598,0,STND,9444090
1995,9,11.534,11.224,11.102,10.475,10.484,9.866,9.386,10.305,1.838,1.236,0.122,0.48,10.61,4.37,8.967,0,STND,9444090
1995,10,11.683,11.21,11.102,10.47,10.471,9.84,9.315,10.262,1.895,1.262,0.108,0.525,,,8.641,0,STND,9444090
1995,11,11.912,11.46,11.268,10.604,10.608,9.948,9.352,10.406,2.108,1.32,0.192,0.596,,,8.547,0,STND,9444090
1995,12,11.982,11.656,11.419,10.738,10.736,10.052,9.4,10.528,2.256,1.367,0.237,0.652,,,8.315,0,STND,9444090
1996,1,11.99,11.532,11.355,10.639,10.628,9.901,9.323,10.428,2.209,1.454,0.177,0.578,,,8.589,0,STND,9444090
1996,2,11.983,11.478,11.346,10.689,10.694,10.043,9.518,10.498,1.96,1.303,0.132,0.525,,,8.876,0,STND,9444090
1996,3,11.45,11.189,11.081,10.491,10.503,9.925,9.444,10.317,1.745,1.156,0.108,0.481,10.79,4.55,9.048,0,STND,9444090
1996,4,11.661,11.346,11.207,10.6,10.585,9.962,9.54,10.443,1.806,1.245,0.139,0.422,,,9.027,0,STND,9444090
1996,5,11.607,11.316,11.107,10.462,10.479,9.85,9.226,10.271,2.09,1.257,0.209,0.624,,,8.606,0,STND,9444090
1996,6,11.581,11.316,11.061,10.392,10.415,9.769,9.019,10.168,2.297,1.292,0.255,0.75,10.45,4.32,8.341,0,STND,9444090
1996,7,11.647,11.382,11.13,10.438,10.457,9.785,9.07,10.226,2.312,1.345,0.252,0.715,10.45,4.24,8.327,0,STND,9444090
1996,8,11.527,11.283,11.128,10.451,10.447,9.766,9.283,10.283,2.0,1.362,0.155,0.483,,,8.765,0,STND,9444090
1996,9,11.386,11.191,11.084,10.467,10.47,9.857,9.413,10.302,1.778,1.227,0.107,0.444,10.68,4.44,9.102,0,STND,9444090
1996,10,11.622,11.267,11.13,10.523,10.535,9.939,9.394,10.331,1.873,1.191,0.137,0.545,10.48,4.46,8.853,0,STND,9444090
1996,11,11.607,11.364,11.169,10.531,10.55,9.932,9.267,10.316,2.097,1.237,0.195,0.665,,,8.623,0,STND,9444090
1996,12,12.085,11.622,11.407,10.713,10.724,10.041,9.355,10.489,2.267,1.366,0.215,0.686,,,8.575,0,STND,9444090
1997,1,12.143,11.59,11.375,10.699,10.67,9.965,9.417,10.503,2.173,1.41,0.215,0.548,,,8.395,0,STND,9444090
1997,2,11.588,11.33,11.176,10.513,10.486,9.795,9.326,10.328,2.004,1.381,0.154,0.469,,,8.607,0,STND,9444090
1997,3,11.579,11.313,11.188,10.591,10.597,10.005,9.524,10.419,1.789,1.183,0.125,0.481,,,8.981,0,STND,9444090
1997,4,11.436,11.225,11.094,10.481,10.497,9.899,9.339,10.282,1.886,1.195,0.131,0.56,10.59,4.49,8.884,0,STND,9444090
1997,5,11.668,11.385,11.166,10.529,10.541,9.917,9.329,10.357,2.056,1.249,0.219,0.588,,,8.741,0,STND,9444090
1997,6,11.816,11.483,11.224,10.573,10.591,9.957,9.263,10.373,2.22,1.267,0.259,0.694,10.47,4.38,8.611,0,STND,9444090
1997,7,11.646,11.437,11.184,10.509,10.523,9.861,9.191,10.314,2.246,1.323,0.253,0.67,,,8.553,0,STND,9444090
1997,8,11.698,11.415,11.229,10.582,10.598,9.966,9.384,10.399,2.031,1.263,0.186,0.582,10.6,4.33,8.786,0,STND,9444090
1997,9,11.733,11.332,11.221,10.625,10.628,10.036,9.605,10.469,1.727,1.185,0.111,0.431,10.64,4.44,9.3,0,STND,9444090
1997,10,11.715,11.42,11.291,10.7,10.707,10.123,9.66,10.54,1.76,1.168,0.129,0.463,10.6,4.52,8.859,0,STND,9444090
1997,11,11.949,11.641,11.451,10.803,10.818,10.185,9.547,10.594,2.094,1.266,0.19,0.638,,,8.806,0,STND,9444090
1997,12,12.023,11.654,11.458,10.738,10.765,10.073,9.334,10.494,2.32,1.385,0.196,0.739,,,8.667,0,STND,9444090
1998,1,11.997,11.83,11.617,10.911,10.905,10.192,9.546,10.688,2.284,1.425,0.213,0.646,,,8.845,0,STND,9444090
1998,2,12.007,11.697,11.556,10.915,10.881,10.206,9.729,10.713,1.968,1.35,0.141,0.477,,,8.963,0,STND,9444090
1998,3,11.606,11.34,11.217,10.596,10.602,9.987,9.541,10.441,1.799,1.23,0.123,0.446,10.74,4.42,9.062,0,STND,9444090
1998,4,11.462,11.246,11.103,10.483,10.497,9.891,9.347,10.296,1.899,1.212,0.143,0.544,10.57,4.44,8.55,0,STND,9444090
1998,5,11.677,11.344,11.151,10.515,10.538,9.926,9.264,10.304,2.08,1.225,0.193,0.662,10.46,4.48,8.547,0,STND,9444090
1998,6,11.688,11.379,11.127,10.481,10.503,9.879,9.173,10.276,2.206,1.248,0.252,0.706,10.48,4.44,8.551,0,STND,9444090
1998,7,11.547,11.35,11.091,10.465,10.48,9.869,9.231,10.29,2.119,1.222,0.259,0.638,10.6,4.34,8.604,0,STND,9444090
1998,8,11.453,11.256,11.09,10.437,10.439,9.787,9.275,10.265,1.981,1.303,0.166,0.512,,,8.732,0,STND,9444090
1998,9,11.456,11.175,11.083,10.458,10.465,9.847,9.365,10.27,1.81,1.236,0.092,0.482,10.65,4.46,8.956,0,STND,9444090
1998,10,11.574,11.21,11.086,10.473,10.488,9.889,9.372,10.291,1.838,1.197,0.124,0.517,10.55,4.57,8.923,0,STND,9444090
1998,11,11.901,11.572,11.354,10.724,10.733,10.113,9.504,10.538,2.068,1.241,0.218,0.609,,,8.576,0,STND,9444090
1998,12,12.081,11.537,11.288,10.583,10.596,9.905,9.176,10.357,2.361,1.383,0.249,0.729,,,8.434,0,STND,9444090
1999,1,11.97,11.534,11.351,10.614,10.627,9.903,9.201,10.367,2.333,1.448,0.183,0.702,,,8.17,0,STND,9444090
1999,2,11.957,11.616,11.475,10.82,10.814,10.154,9.584,10.6,2.032,1.321,0.141,0.57,,,8.756,0,STND,9444090
1999,3,11.878,11.416,11.307,10.693,10.694,10.08,9.603,10.509,1.813,1.227,0.109,0.477,,,9.131,0,STND,9444090
1999,4,11.506,11.182,11.034,10.424,10.436,9.837,9.329,10.256,1.853,1.197,0.148,0.508,10.64,4.52,8.681,0,STND,9444090
1999,5,11.61,11.264,11.075,10.414,10.43,9.786,9.143,10.204,2.121,1.289,0.189,0.643,,,8.427,0,STND,9444090
1999,6,11.689,11.349,11.111,10.446,10.477,9.844,9.078,10.213,2.271,1.267,0.238,0.766,10.45,4.46,8.173,0,STND,9444090
1999,7,11.615,11.358,11.135,10.448,10.466,9.797,9.082,10.22,2.276,1.338,0.223,0.715,,,8.226,0,STND,9444090
1999,8,11.615,11.318,11.139,10.468,10.473,9.808,9.276,10.297,2.042,1.331,0.179,0.532,,,8.597,0,STND,9444090
1999,9,11.366,11.177,11.061,10.41,10.418,9.776,9.288,10.232,1.889,1.285,0.116,0.488,,,8.862,0,STND,9444090
1999,10,11.815,11.163,11.057,10.414,10.436,9.815,9.25,10.207,1.913,1.242,0.106,0.565,10.48,4.45,8.629,0,STND,9444090
1999,11,11.96,11.5,11.311,10.641,10.649,9.987,9.353,10.427,2.147,1.324,0.189,0.634,,,8.426,0,STND,9444090
1999,12,11.655,11.476,11.212,10.553,10.566,9.92,9.206,10.341,2.27,1.292,0.264,0.714,,,7.983,0,STND,9444090
2000,1,11.905,11.494,11.324,10.59,10.592,9.86,9.196,10.345,2.298,1.464,0.17,0.664,,,8.429,0,STND,9444090
2000,2,11.743,11.486,11.334,10.661,10.683,10.032,9.384,10.435,2.102,1.302,0.152,0.648,,,8.534,0,STND,9444090
2000,3,11.385,11.2,11.112,10.498,10.508,9.903,9.379,10.29,1.821,1.209,0.088,0.524,,,8.968,0,STND,9444090
2000,4,11.365,11.183,11.062,10.432,10.433,9.804,9.306,10.244,1.877,1.258,0.121,0.498,,,8.802,0,STND,9444090
2000,5,11.645,11.333,11.135,10.49,10.508,9.88,9.263,10.298,2.07,1.255,0.198,0.617,,,8.589,0,STND,9444090
2000,6,11.716,11.373,11.125,10.447,10.48,9.836,9.046,10.209,2.327,1.289,0.248,0.79,10.49,4.42,8.2,0,STND,9444090
2000,7,11.757,11.386,11.165,10.44,10.454,9.744,8.989,10.188,2.397,1.421,0.221,0.755,,,8.157,0,STND,9444090
2000,8,11.463,11.275,11.116,10.419,10.421,9.727,9.131,10.203,2.144,1.389,0.159,0.596,,,8.306,0,STND,9444090
2000,9,11.393,11.176,11.089,10.439,10.451,9.814,9.347,10.261,1.829,1.275,0.087,0.467,,,8.918,0,STND,9444090
2000,10,11.705,11.243,11.126,10.5,10.524,9.922,9.343,10.293,1.9,1.204,0.117,0.579,10.59,4.52,8.962,0,STND,9444090
2000,11,11.545,11.324,11.149,10.464,10.483,9.817,9.138,10.231,2.186,1.332,0.175,0.679,,,8.386,0,STND,9444090
2000,12,11.742,11.444,11.234,10.509,10.521,9.808,9.084,10.264,2.36,1.426,0.21,0.724,,,8.186,0,STND,9444090
2001,1,12.121,11.49,11.314,10.559,10.538,9.762,9.185,10.338,2.305,1.552,0.176,0.577,,,8.392,0,STND,9444090
2001,2,11.611,11.326,11.193,10.484,10.474,9.756,9.196,10.261,2.13,1.437,0.133,0.56,,,8.198,0,STND,9444090
2001,3,11.46,11.229,11.112,10.476,10.473,9.833,9.309,10.269,1.92,1.279,0.117,0.524,,,8.807,0,STND,9444090
2001,4,11.406,11.209,11.088,10.43,10.448,9.808,9.212,10.21,1.997,1.28,0.121,0.596,,,8.834,0,STND,9444090
2001,5,11.5,11.265,11.061,10.399,10.415,9.768,9.099,10.182,2.166,1.293,0.204,0.669,,,8.409,0,STND,9444090
2001,6,11.54,11.327,11.093,10.395,10.418,9.744,9.011,10.169,2.316,1.349,0.234,0.733,,,8.155,0,STND,9444090
2001,7,11.683,11.34,11.135,10.401,10.391,9.647,8.992,10.166,2.348,1.488,0.205,0.655,,,8.251,0,STND,9444090
2001,8,11.528,11.31,11.142,10.459,10.462,9.783,9.15,10.23,2.16,1.359,0.168,0.633,,,8.362,0,STND,9444090
2001,9,11.404,11.2,11.092,10.447,10.453,9.813,9.303,10.252,1.897,1.279,0.108,0.51,,,8.787,0,STND,9444090
2001,10,11.409,11.213,11.081,10.452,10.453,9.824,9.347,10.28,1.866,1.257,0.132,0.477,,,8.732,0,STND,9444090
2001,11,11.981,11.507,11.336,10.644,10.653,9.97,9.331,10.419,2.176,1.366,0.171,0.639,,,8.648,0,STND,9444090
2001,12,12.184,11.621,11.442,10.662,10.675,9.909,9.193,10.407,2.428,1.533,0.179,0.716,,,8.518,0,STND,9444090
2002,1,11.996,11.573,11.407,10.623,10.607,9.806,9.123,10.348,2.45,1.601,0.166,0.683,,,8.318,0,STND,9444090
2002,2,11.691,11.39,11.22,10.538,10.518,9.816,9.263,10.326,2.127,1.404,0.17,0.553,,,8.402,0,STND,9444090
2002,3,11.455,11.241,11.143,10.471,10.48,9.818,9.32,10.28,1.921,1.325,0.098,0.498,,,8.765,0,STND,9444090
2002,4,11.549,11.224,11.07,10.403,10.418,9.767,9.173,10.198,2.051,1.303,0.154,0.594,,,8.438,0,STND,9444090
2002,5,11.622,11.245,11.067,10.374,10.407,9.748,9.004,10.124,2.241,1.319,0.178,0.744,,,8.413,0,STND,9444090
2002,6,11.52,11.329,11.101,10.398,10.424,9.746,8.973,10.151,2.356,1.355,0.228,0.773,,,8.335,0,STND,9444090
2002,7,11.599,11.354,11.129,10.422,10.392,9.655,9.066,10.21,2.288,1.474,0.225,0.589,,,8.323,0,STND,9444090
2002,8,11.546,11.294,11.135,10.428,10.404,9.674,9.161,10.227,2.133,1.461,0.159,0.513,,,8.374,0,STND,9444090
2002,9,11.437,11.221,11.127,10.454,10.437,9.746,9.248,10.235,1.973,1.381,0.094,0.498,,,8.731,0,STND,9444090
2002,10,11.459,11.164,11.058,10.389,10.417,9.776,9.148,10.156,2.016,1.282,0.106,0.628,,,8.685,0,STND,9444090
2002,11,11.95,11.496,11.302,10.59,10.599,9.896,9.256,10.376,2.24,1.406,0.194,0.64,,,8.585,0,STND,9444090
2002,12,12.115,11.787,11.561,10.801,10.747,9.932,9.305,10.546,2.482,1.629,0.226,0.627,,,8.287,0,STND,9444090
2003,1,12.444,11.643,11.498,10.684,10.616,9.734,9.152,10.398,2.491,1.764,0.145,0.582,,,8.492,0,STND,9444090
2003,2,11.682,11.366,11.259,10.521,10.529,9.798,9.18,10.273,2.186,1.461,0.107,0.618,,,8.687,0,STND,9444090
2003,3,11.943,11.377,11.285,10.616,10.596,9.906,9.394,10.386,1.983,1.379,0.092,0.512,,,8.896,0,STND,9444090
2003,4,11.678,11.398,11.255,10.603,10.582,9.909,9.44,10.419,1.958,1.346,0.143,0.469,,,8.655,0,STND,9444090
2003,5,11.614,11.313,11.13,10.433,10.454,9.779,9.074,10.194,2.239,1.351,0.183,0.705,,,8.056,0,STND,9444090
2003,6,11.777,11.362,11.155,10.404,10.431,9.708,8.929,10.146,2.433,1.447,0.207,0.779,,,8.143,0,STND,9444090
2003,7,11.733,11.375,11.184,10.422,10.404,9.624,8.947,10.161,2.428,1.56,0.191,0.677,,,8.248,0,STND,9444090
2003,8,11.623,11.35,11.197,10.489,10.48,9.763,9.197,10.273,2.153,1.434,0.153,0.566,,,8.529,0,STND,9444090
2003,9,11.516,11.231,11.12,10.447,10.453,9.785,9.241,10.236,1.99,1.335,0.111,0.544,,,8.881,0,STND,9444090
2003,10,11.776,11.385,11.232,10.56,10.543,9.853,9.272,10.329,2.113,1.379,0.153,0.581,,,8.462,0,STND,9444090
2003,11,11.942,11.45,11.265,10.555,10.547,9.829,9.159,10.305,2.291,1.436,0.185,0.67,,,8.158,0,STND,9444090
2003,12,12.295,11.705,11.502,10.733,10.726,9.95,9.253,10.479,2.452,1.552,0.203,0.697,,,8.365,0,STND,9444090
2004,1,11.881,11.627,11.485,10.674,10.637,9.789,9.26,10.444,2.367,1.696,0.142,0.529,,,8.169,0,STND,9444090
2004,2,11.815,11.48,11.342,10.629,10.599,9.857,9.294,10.387,2.186,1.485,0.138,0.563,,,8.694,0,STND,9444090
2004,3,11.464,11.279,11.169,10.506,10.471,9.773,9.289,10.284,1.99,1.396,0.11,0.484,,,8.825,0,STND,9444090
2004,4,11.472,11.261,11.133,10.454,10.472,9.811,9.219,10.24,2.042,1.322,0.128,0.592,,,8.533,0,STND,9444090
2004,5,11.696,11.361,11.165,10.464,10.48,9.796,9.139,10.25,2.222,1.369,0.196,0.657,,,8.333,0,STND,9444090
2004,6,11.744,11.422,11.212,10.444,10.419,9.626,8.94,10.181,2.482,1.586,0.21,0.686,,,8.028,0,STND,9444090
2004,7,11.806,11.455,11.245,10.453,10.4,9.555,8.913,10.184,2.542,1.69,0.21,0.642,,,8.055,0,STND,9444090
2004,8,11.669,11.367,11.213,10.483,10.463,9.713,9.112,10.239,2.255,1.5,0.154,0.601,,,8.304,0,STND,9444090
2004,9,11.561,11.279,11.188,10.51,10.518,9.847,9.346,10.312,1.933,1.341,0.091,0.501,,,8.948,0,STND,9444090
2004,10,11.781,11.333,11.206,10.536,10.543,9.88,9.289,10.311,2.044,1.326,0.127,0.591,,,8.852,0,STND,9444090
2004,11,11.894,11.389,11.221,10.487,10.465,9.709,9.066,10.227,2.323,1.512,0.168,0.643,,,8.376,0,STND,9444090
2004,12,12.064,11.557,11.39,10.577,10.538,9.686,9.036,10.296,2.521,1.704,0.167,0.65,,,8.206,0,STND,9444090
2005,1,12.219,11.636,11.467,10.674,10.629,9.791,9.221,10.428,2.415,1.676,0.169,0.57,,,8.226,0,STND,9444090
2005,2,11.92,11.413,11.25,10.522,10.493,9.736,9.178,10.296,2.235,1.514,0.163,0.558,,,8.223,0,STND,9444090
2005,3,11.756,11.419,11.282,10.601,10.546,9.81,9.346,10.383,2.073,1.472,0.137,0.464,,,8.681,0,STND,9444090
2005,4,11.644,11.399,11.255,10.56,10.538,9.82,9.242,10.32,2.157,1.435,0.144,0.578,,,8.671,0,STND,9444090
2005,5,11.769,11.479,11.282,10.573,10.576,9.871,9.176,10.328,2.303,1.411,0.197,0.695,,,8.224,0,STND,9444090
2005,6,11.844,11.439,11.196,10.468,10.424,9.652,9.024,10.232,2.415,1.544,0.243,0.628,,,8.045,0,STND,9444090
2005,7,11.814,11.439,11.257,10.465,10.406,9.555,9.005,10.222,2.434,1.702,0.182,0.55,,,8.134,0,STND,9444090
2005,8,11.634,11.358,11.19,10.465,10.451,9.713,9.103,10.23,2.255,1.477,0.168,0.61,,,8.418,0,STND,9444090
2005,9,11.357,11.209,11.091,10.42,10.419,9.748,9.209,10.209,2.0,1.343,0.118,0.539,,,8.746,0,STND,9444090
2005,10,11.552,11.33,11.198,10.536,10.532,9.866,9.351,10.341,1.979,1.332,0.132,0.515,,,8.714,0,STND,9444090
2005,11,11.976,11.456,11.254,10.536,10.492,9.731,9.136,10.296,2.32,1.523,0.202,0.595,,,8.318,0,STND,9444090
2005,12,12.35,11.647,11.445,10.622,10.477,9.509,9.027,10.337,2.62,1.936,0.202,0.482,,,8.145,0,STND,9444090
2006,1,12.319,11.755,11.579,10.77,10.775,9.971,9.234,10.495,2.521,1.608,0.176,0.737,,,8.501,0,STND,9444090
2006,2,12.305,11.38,11.238,10.524,10.512,9.787,9.216,10.298,2.164,1.451,0.142,0.571,,,8.531,0,STND,9444090
2006,3,11.775,11.488,11.367,10.676,10.655,9.943,9.477,10.482,2.011,1.424,0.121,0.466,,,8.961,0,STND,9444090
2006,4,11.76,11.439,11.289,10.605,10.564,9.84,9.318,10.378,2.121,1.449,0.15,0.522,,,8.382,0,STND,9444090
2006,5,11.764,11.349,11.173,10.453,10.476,9.779,9.018,10.184,2.331,1.394,0.176,0.761,,,8.473,0,STND,9444090
2006,6,11.674,11.391,11.231,10.449,10.355,9.479,8.978,10.184,2.413,1.752,0.16,0.501,,,8.242,0,STND,9444090
2006,7,11.725,11.402,11.206,10.463,10.431,9.657,9.087,10.244,2.315,1.549,0.196,0.57,,,8.363,0,STND,9444090
2006,8,11.682,11.348,11.182,10.466,10.429,9.676,9.185,10.267,2.163,1.506,0.166,0.491,,,8.437,0,STND,9444090
2006,9,11.471,11.253,11.148,10.449,10.423,9.698,9.201,10.227,2.052,1.45,0.105,0.497,,,8.701,0,STND,9444090
2006,10,11.522,11.25,11.119,10.43,10.471,9.824,9.135,10.192,2.115,1.295,0.131,0.689,,,8.494,0,STND,9444090
2006,11,12.0,11.64,11.423,10.719,10.633,9.843,9.327,10.483,2.313,1.58,0.217,0.516,,,8.608,0,STND,9444090
2006,12,11.881,11.641,11.442,10.64,10.633,9.825,9.098,10.37,2.543,1.617,0.199,0.727,,,8.182,0,STND,9444090
2007,1,12.065,11.496,11.338,10.499,10.441,9.544,8.953,10.224,2.543,1.794,0.158,0.591,,,8.39,0,STND,9444090
2007,2,11.741,11.475,11.311,10.593,10.549,9.787,9.233,10.354,2.242,1.524,0.164,0.554,,,8.549,0,STND,9444090
2007,3,11.622,11.271,11.149,10.489,10.439,9.73,9.273,10.272,1.998,1.419,0.122,0.457,,,8.845,0,STND,9444090
2007,4,11.644,11.283,11.118,10.457,10.416,9.714,9.233,10.258,2.05,1.404,0.165,0.481,,,8.404,0,STND,9444090
2007,5,11.675,11.294,11.106,10.385,10.408,9.71,8.973,10.134,2.321,1.396,0.188,0.737,,,8.095,0,STND,9444090
2007,6,11.715,11.387,11.179,10.422,10.351,9.522,8.929,10.158,2.458,1.657,0.208,0.593,,,8.135,0,STND,9444090
2007,7,11.793,11.442,11.256,10.469,10.412,9.568,8.979,10.21,2.463,1.688,0.186,0.589,,,8.336,0,STND,9444090
2007,8,11.671,11.365,11.206,10.482,10.444,9.682,9.189,10.277,2.176,1.524,0.159,0.493,,,8.67,0,STND,9444090
2007,9,11.798,11.282,11.155,10.454,10.444,9.734,9.215,10.248,2.067,1.421,0.127,0.519,,,8.806,0,STND,9444090
2007,10,11.572,11.364,11.208,10.527,10.515,9.822,9.19,10.277,2.174,1.386,0.156,0.632,,,8.141,0,STND,9444090
2007,11,11.931,11.376,11.186,10.475,10.474,9.763,9.063,10.22,2.313,1.423,0.19,0.7,,,7.894,0,STND,9444090
2007,12,12.147,11.618,11.4,10.632,10.54,9.679,9.136,10.377,2.482,1.721,0.218,0.543,,,8.045,0,STND,9444090
2008,1,12.105,11.621,11.463,10.655,10.605,9.747,9.228,10.425,2.393,1.716,0.158,0.519,,,8.115,0,STND,9444090
2008,2,11.639,11.414,11.283,10.535,10.492,9.701,9.231,10.322,2.183,1.582,0.131,0.47,,,8.563,0,STND,9444090
2008,3,11.6,11.228,11.122,10.451,10.409,9.695,9.219,10.223,2.009,1.427,0.106,0.476,,,8.903,0,STND,9444090
2008,4,11.589,11.216,11.063,10.397,10.422,9.782,9.123,10.169,2.093,1.281,0.153,0.659,,,8.467,0,STND,9444090
2008,5,11.589,11.292,11.067,10.39,10.418,9.768,9.031,10.162,2.261,1.299,0.225,0.737,,,7.85,0,STND,9444090
2008,6,11.851,11.383,11.177,10.405,10.331,9.485,8.904,10.143,2.479,1.692,0.206,0.581,,,8.031,0,STND,9444090
2008,7,11.88,11.46,11.261,10.471,10.385,9.509,8.968,10.214,2.492,1.752,0.199,0.541,,,8.191,0,STND,9444090
2008,8,11.72,11.398,11.254,10.527,10.511,9.767,9.2,10.299,2.198,1.487,0.144,0.567,,,8.498,0,STND,9444090
2008,9,11.534,11.219,11.116,10.447,10.444,9.771,9.298,10.258,1.921,1.345,0.103,0.473,,,8.951,0,STND,9444090
2008,10,11.546,11.237,11.088,10.432,10.44,9.792,9.163,10.2,2.074,1.296,0.149,0.629,,,8.466,0,STND,9444090
2008,11,11.82,11.472,11.269,10.558,10.598,9.927,9.113,10.293,2.359,1.342,0.203,0.814,,,8.114,0,STND,9444090
2008,12,12.165,11.523,11.382,10.538,10.486,9.59,9.001,10.262,2.522,1.792,0.141,0.589,,,8.074,0,STND,9444090
2009,1,12.074,11.428,11.238,10.471,10.417,9.596,9.051,10.239,2.377,1.642,0.19,0.545,,,7.999,0,STND,9444090
2009,2,11.723,11.401,11.251,10.518,10.489,9.726,9.234,10.317,2.167,1.525,0.15,0.492,,,8.353,0,STND,9444090
2009,3,11.716,11.333,11.186,10.52,10.468,9.751,9.282,10.308,2.051,1.435,0.147,0.469,,,8.69,0,STND,9444090
2009,4,11.499,11.2,11.061,10.37,10.375,9.688,9.055,10.127,2.145,1.373,0.139,0.633,,,8.335,0,STND,9444090
2009,5,11.625,11.328,11.115,10.419,10.452,9.789,9.045,10.186,2.283,1.326,0.213,0.744,,,8.102,0,STND,9444090
2009,6,11.756,11.447,11.236,10.48,10.459,9.681,9.042,10.244,2.405,1.555,0.211,0.639,,,8.046,0,STND,9444090
2009,7,11.702,11.407,11.212,10.439,10.381,9.551,9.023,10.215,2.384,1.661,0.195,0.528,,,8.163,0,STND,9444090
2009,8,11.549,11.345,11.202,10.476,10.463,9.723,9.175,10.26,2.17,1.479,0.143,0.548,,,8.446,0,STND,9444090
2009,9,11.481,11.251,11.128,10.489,10.506,9.884,9.317,10.284,1.934,1.244,0.123,0.567,,,8.972,0,STND,9444090
2009,10,11.709,11.326,11.19,10.53,10.549,9.908,9.349,10.338,1.977,1.282,0.136,0.559,,,8.744,0,STND,9444090
2009,11,11.912,11.573,11.413,10.675,10.704,9.996,9.291,10.432,2.282,1.417,0.16,0.705,,,8.546,0,STND,9444090
2009,12,12.033,11.584,11.436,10.585,10.527,9.617,9.041,10.312,2.543,1.819,0.148,0.576,,,8.201,0,STND,9444090
2010,1,12.201,11.835,11.664,10.865,10.84,10.017,9.371,10.603,2.464,1.647,0.171,0.646,,,8.474,0,STND,9444090
2010,2,11.941,11.569,11.424,10.727,10.703,9.981,9.468,10.518,2.101,1.443,0.145,0.513,,,8.892,0,STND,9444090
2010,3,11.914,11.422,11.298,10.629,10.631,9.965,9.467,10.445,1.955,1.333,0.124,0.498,,,9.125,0,STND,9444090
2010,4,11.833,11.44,11.283,10.629,10.623,9.963,9.38,10.41,2.06,1.32,0.157,0.583,,,8.601,0,STND,9444090
2010,5,11.645,11.365,11.177,10.476,10.527,9.877,9.073,10.219,2.292,1.3,0.188,0.804,,,8.514,0,STND,9444090
2010,6,11.575,11.386,11.211,10.459,10.403,9.595,9.039,10.212,2.347,1.616,0.175,0.556,,,8.252,0,STND,9444090
2010,7,11.717,11.359,11.166,10.43,10.399,9.633,9.097,10.228,2.262,1.533,0.193,0.536,,,8.358,0,STND,9444090
2010,8,11.563,11.329,11.161,10.464,10.44,9.719,9.265,10.297,2.064,1.442,0.168,0.454,,,8.515,0,STND,9444090
2010,9,11.476,11.266,11.162,10.484,10.475,9.788,9.304,10.285,1.962,1.374,0.104,0.484,,,8.835,0,STND,9444090
2010,10,11.759,11.3,11.173,10.516,10.543,9.914,9.275,10.288,2.025,1.259,0.127,0.639,,,8.727,0,STND,9444090
2010,12,12.087,11.758,11.614,10.788,10.79,9.965,9.312,10.535,2.446,1.649,0.144,0.653,,,8.419,0,STND,9444090
2011,1,11.857,11.548,11.376,10.578,10.558,9.741,9.11,10.329,2.438,1.635,0.172,0.631,,,8.346,0,STND,9444090
2011,2,11.796,11.379,11.246,10.535,10.529,9.812,9.281,10.33,2.098,1.434,0.133,0.531,,,8.653,0,STND,9444090
2011,3,11.84,11.495,11.366,10.739,10.728,10.09,9.606,10.55,1.889,1.276,0.129,0.484,,,9.008,0,STND,9444090
2011,4,11.662,11.318,11.151,10.533,10.549,9.947,9.371,10.345,1.947,1.204,0.167,0.576,,,8.556,0,STND,9444090
2011,5,11.733,11.342,11.132,10.472,10.5,9.867,9.136,10.239,2.206,1.265,0.21,0.731,,,8.344,0,STND,9444090
2011,6,11.656,11.405,11.172,10.47,10.475,9.778,9.041,10.223,2.364,1.394,0.233,0.737,,,8.315,0,STND,9444090
2011,7,11.651,11.404,11.207,10.466,10.428,9.648,9.077,10.241,2.327,1.559,0.197,0.571,,,8.525,0,STND,9444090
2011,8,11.527,11.319,11.17,10.455,10.433,9.696,9.248,10.284,2.071,1.474,0.149,0.448,,,8.818,0,STND,9444090
2011,9,11.704,11.264,11.138,10.479,10.478,9.818,9.344,10.304,1.92,1.32,0.126,0.474,,,8.965,0,STND,9444090
2011,10,11.746,11.295,11.144,10.503,10.525,9.906,9.232,10.264,2.063,1.238,0.151,0.674,10.41,4.31,8.35,0,STND,9444090
2011,11,12.268,11.454,11.248,10.583,10.616,9.984,9.206,10.33,2.248,1.264,0.206,0.778,10.45,4.38,8.405,0,STND,9444090
2011,12,11.709,11.356,11.148,10.409,10.413,9.679,9.015,10.186,2.341,1.469,0.208,0.664,,,8.119,0,STND,9444090
2012,1,12.039,11.537,11.337,10.609,10.572,9.808,9.29,10.413,2.247,1.529,0.2,0.518,,,8.537,0,STND,9444090
2012,2,11.671,11.365,11.226,10.521,10.502,9.777,9.299,10.332,2.066,1.449,0.139,0.478,,,8.872,0,STND,9444090
2012,3,11.919,11.405,11.295,10.669,10.672,10.05,9.541,10.473,1.864,1.245,0.11,0.509,,,8.995,0,STND,9444090
2012,4,11.69,11.382,11.231,10.616,10.625,10.018,9.421,10.401,1.961,1.213,0.151,0.597,,,8.684,0,STND,9444090
2012,5,11.563,11.308,11.077,10.44,10.46,9.843,9.167,10.238,2.141,1.234,0.231,0.676,10.42,4.42,8.238,0,STND,9444090
2012,6,11.7,11.405,11.182,10.473,10.488,9.793,9.082,10.244,2.323,1.389,0.223,0.711,,,8.187,0,STND,9444090
2012,7,11.742,11.42,11.205,10.468,10.431,9.658,9.079,10.25,2.341,1.547,0.215,0.579,,,8.376,0,STND,9444090
2012,8,11.472,11.338,11.174,10.477,10.479,9.785,9.256,10.297,2.082,1.389,0.164,0.529,,,8.532,0,STND,9444090
2012,9,11.463,11.189,11.072,10.44,10.436,9.801,9.394,10.291,1.795,1.271,0.117,0.407,,,9.046,0,STND,9444090
2012,10,11.668,11.292,11.148,10.528,10.546,9.945,9.357,10.325,1.935,1.203,0.144,0.588,10.48,4.38,8.594,0,STND,9444090
2012,11,11.918,11.537,11.337,10.679,10.714,10.091,9.329,10.433,2.208,1.246,0.2,0.762,,,8.243,0,STND,9444090
2012,12,11.954,11.737,11.537,10.799,10.794,10.051,9.378,10.558,2.359,1.486,0.2,0.673,,,8.317,0,STND,9444090
2013,1,11.941,11.399,11.218,10.494,10.469,9.72,9.166,10.282,2.233,1.498,0.181,0.554,,,8.233,0,STND,9444090
2013,2,11.632,11.256,11.092,10.42,10.401,9.71,9.252,10.254,2.004,1.382,0.164,0.458,,,8.574,0,STND,9444090
2013,3,11.417,11.226,11.093,10.45,10.441,9.788,9.348,10.287,1.878,1.305,0.133,0.44,,,8.837,0,STND,9444090
2013,4,11.491,11.21,11.051,10.42,10.439,9.827,9.204,10.207,2.007,1.224,0.159,0.623,10.45,4.3,8.441,0,STND,9444090
2013,5,11.621,11.268,11.072,10.409,10.427,9.782,9.106,10.187,2.162,1.29,0.196,0.676,,,8.272,0,STND,9444090
2013,6,11.796,11.384,11.11,10.456,10.478,9.846,9.135,10.259,2.249,1.264,0.274,0.711,10.35,4.27,8.326,0,STND,9444090
2013,7,11.676,11.373,11.156,10.445,10.434,9.712,9.145,10.259,2.228,1.444,0.217,0.567,,,8.383,0,STND,9444090
2013,8,11.456,11.314,11.148,10.484,10.468,9.789,9.299,10.306,2.015,1.359,0.166,0.49,,,8.695,0,STND,9444090
2013,9,11.518,11.283,11.172,10.56,10.573,9.973,9.484,10.384,1.799,1.199,0.111,0.489,10.54,4.34,9.207,0,STND,9444090
2013,10,11.431,11.191,11.06,10.455,10.463,9.866,9.381,10.286,1.81,1.194,0.131,0.485,,,8.881,0,STND,9444090
2013,11,11.593,11.341,11.136,10.47,10.495,9.854,9.179,10.26,2.162,1.282,0.205,0.675,,,8.488,0,STND,9444090
2013,12,11.704,11.356,11.13,10.396,10.399,9.667,8.958,10.157,2.398,1.463,0.226,0.709,,,8.144,0,STND,9444090
2014,1,11.833,11.42,11.208,10.485,10.461,9.714,9.071,10.245,2.349,1.494,0.212,0.643,,,8.153,0,STND,9444090
2014,2,11.532,11.362,11.23,10.564,10.567,9.903,9.398,10.38,1.964,1.327,0.132,0.505,,,8.576,0,STND,9444090
2014,3,11.812,11.326,11.208,10.593,10.594,9.98,9.549,10.438,1.777,1.228,0.118,0.431,,,9.117,0,STND,9444090
2014,4,11.694,11.324,11.178,10.56,10.56,9.942,9.423,10.373,1.901,1.236,0.146,0.519,,,8.857,0,STND,9444090
2014,5,11.607,11.371,11.175,10.536,10.552,9.929,9.252,10.312,2.119,1.246,0.196,0.677,,,8.682,0,STND,9444090
2014,6,11.656,11.343,11.105,10.455,10.479,9.853,9.125,10.234,2.218,1.252,0.238,0.728,10.36,4.28,8.374,0,STND,9444090
2014,7,11.735,11.381,11.172,10.5,10.502,9.831,9.23,10.306,2.151,1.341,0.209,0.601,,,8.465,0,STND,9444090
2014,8,11.519,11.318,11.143,10.501,10.497,9.851,9.401,10.36,1.917,1.292,0.175,0.45,,,8.565,0,STND,9444090
2014,9,11.483,11.293,11.182,10.562,10.567,9.953,9.505,10.399,1.788,1.229,0.111,0.448,,,8.952,0,STND,9444090
2014,10,11.876,11.441,11.322,10.708,10.717,10.112,9.573,10.507,1.868,1.21,0.119,0.539,,,9.018,0,STND,9444090
2014,11,11.949,11.476,11.281,10.635,10.646,10.012,9.386,10.431,2.09,1.269,0.195,0.626,,,8.725,0,STND,9444090
2014,12,12.129,11.71,11.498,10.789,10.779,10.061,9.445,10.578,2.265,1.437,0.212,0.616,,,8.627,0,STND,9444090
2015,1,11.951,11.495,11.32,10.592,10.564,9.807,9.244,10.369,2.251,1.513,0.175,0.563,,,8.539,0,STND,9444090
2015,2,11.805,11.45,11.275,10.622,10.623,9.972,9.415,10.432,2.035,1.303,0.175,0.557,,,8.802,0,STND,9444090
2015,3,11.667,11.261,11.154,10.555,10.555,9.956,9.497,10.379,1.764,1.198,0.107,0.459,,,9.237,0,STND,9444090
2015,4,11.513,11.238,11.089,10.491,10.498,9.907,9.428,10.333,1.81,1.182,0.149,0.479,10.51,4.45,8.755,0,STND,9444090
2015,5,11.562,11.321,11.115,10.483,10.499,9.883,9.258,10.29,2.063,1.232,0.206,0.625,10.42,4.4,8.613,0,STND,9444090
2015,6,11.595,11.396,11.142,10.48,10.502,9.862,9.138,10.267,2.258,1.28,0.254,0.724,10.37,4.28,8.553,0,STND,9444090
2015,7,11.713,11.458,11.24,10.547,10.558,9.875,9.195,10.326,2.263,1.365,0.218,0.68,,,8.562,0,STND,9444090
2015,8,11.578,11.361,11.206,10.535,10.534,9.861,9.342,10.352,2.019,1.345,0.155,0.519,,,8.735,0,STND,9444090
2015,9,11.656,11.298,11.189,10.576,10.579,9.968,9.537,10.418,1.761,1.221,0.109,0.431,10.56,4.33,9.24,0,STND,9444090
2015,10,11.754,11.369,11.241,10.62,10.629,10.017,9.466,10.418,1.903,1.224,0.128,0.551,10.52,4.4,8.777,0,STND,9444090
2015,11,11.704,11.43,11.248,10.602,10.624,10.0,9.316,10.373,2.114,1.248,0.182,0.684,,,8.418,0,STND,9444090
2015,12,12.269,11.764,11.498,10.851,10.854,10.21,9.494,10.629,2.27,1.288,0.266,0.716,,,8.494,0,STND,9444090
2016,1,12.025,11.676,11.442,10.779,10.767,10.091,9.505,10.591,2.171,1.351,0.234,0.586,,,8.762,0,STND,9444090
2016,2,11.761,11.458,11.314,10.663,10.651,9.988,9.514,10.486,1.944,1.326,0.144,0.474,,,8.777,0,STND,9444090
2016,3,12.184,11.479,11.376,10.776,10.774,10.172,9.707,10.593,1.772,1.204,0.103,0.465,,,9.381,0,STND,9444090
2016,4,11.603,11.234,11.105,10.494,10.508,9.911,9.366,10.3,1.868,1.194,0.129,0.545,,,8.862,0,STND,9444090
2016,5,11.639,11.292,11.081,10.442,10.46,9.839,9.236,10.264,2.056,1.242,0.211,0.603,10.4,4.45,8.431,0,STND,9444090
2016,6,11.695,11.368,11.109,10.45,10.465,9.822,9.133,10.25,2.235,1.287,0.259,0.689,10.44,4.36,8.399,0,STND,9444090
2016,7,11.606,11.365,11.132,10.442,10.457,9.782,9.105,10.235,2.26,1.35,0.233,0.677,,,8.405,0,STND,9444090
2016,8,11.52,11.32,11.156,10.471,10.478,9.8,9.251,10.285,2.069,1.356,0.164,0.549,,,8.656,0,STND,9444090
2016,9,11.477,11.179,11.084,10.464,10.468,9.851,9.431,10.305,1.748,1.233,0.095,0.42,,,9.141,0,STND,9444090
2016,10,12.019,11.432,11.301,10.709,10.716,10.13,9.668,10.55,1.764,1.171,0.131,0.462,10.5,4.44,8.909,0,STND,9444090
2016,11,11.966,11.645,11.448,10.824,10.834,10.219,9.574,10.61,2.071,1.229,0.197,0.645,,,8.626,0,STND,9444090
2016,12,11.792,11.504,11.278,10.575,10.599,9.92,9.178,10.341,2.326,1.358,0.226,0.742,,,8.265,0,STND,9444090
2017,1,11.93,11.567,11.341,10.67,10.656,9.971,9.308,10.438,2.259,1.37,0.226,0.663,,,8.427,0,STND,9444090
2017,2,12.04,11.549,11.39,10.744,10.701,10.012,9.558,10.553,1.991,1.378,0.159,0.454,,,8.907,0,STND,9444090
2017,3,11.676,11.411,11.292,10.682,10.687,10.082,9.639,10.525,1.772,1.21,0.119,0.443,,,9.115,0,STND,9444090
2017,4,11.732,11.402,11.269,10.654,10.665,10.062,9.514,10.458,1.888,1.207,0.133,0.548,,,8.626,0,STND,9444090
2017,5,11.725,11.326,11.149,10.488,10.509,9.869,9.213,10.27,2.113,1.28,0.177,0.656,,,8.289,0,STND,9444090
2017,6,11.715,11.415,11.162,10.506,10.529,9.896,9.188,10.302,2.227,1.266,0.253,0.708,10.4,4.37,8.183,0,STND,9444090
2017,7,11.65,11.372,11.106,10.455,10.474,9.842,9.184,10.278,2.188,1.264,0.266,0.658,10.46,4.25,8.347,0,STND,9444090
2017,8,11.455,11.333,11.172,10.507,10.507,9.842,9.311,10.322,2.022,1.33,0.161,0.531,,,8.648,0,STND,9444090
2017,9,11.416,11.231,11.133,10.512,10.527,9.922,9.417,10.324,1.814,1.211,0.098,0.505,10.6,4.38,9.086,0,STND,9444090
2017,10,11.581,11.204,11.086,10.466,10.471,9.857,9.374,10.289,1.83,1.229,0.118,0.483,,,8.865,0,STND,9444090
2017,11,11.824,11.569,11.364,10.711,10.704,10.045,9.484,10.527,2.085,1.319,0.205,0.561,,,8.494,0,STND,9444090
2017,12,11.798,11.426,11.184,10.497,10.519,9.854,9.103,10.264,2.323,1.33,0.242,0.751,,,8.133,0,STND,9444090
2018,1,11.981,11.654,11.449,10.703,10.697,9.944,9.245,10.45,2.409,1.505,0.205,0.699,,,8.13,0,STND,9444090
2018,2,11.64,11.293,11.144,10.479,10.46,9.777,9.243,10.268,2.05,1.367,0.149,0.534,,,8.535,0,STND,9444090
2018,3,11.607,11.316,11.208,10.586,10.597,9.986,9.482,10.399,1.834,1.222,0.108,0.504,10.72,4.45,9.032,0,STND,9444090
2018,4,11.572,11.293,11.153,10.537,10.535,9.917,9.437,10.365,1.856,1.236,0.14,0.48,,,8.795,0,STND,9444090
2018,5,11.62,11.328,11.143,10.474,10.489,9.835,9.189,10.258,2.139,1.308,0.185,0.646,,,8.557,0,STND,9444090
2018,6,11.724,11.376,11.149,10.474,10.504,9.859,9.106,10.241,2.27,1.29,0.227,0.753,,,8.304,0,STND,9444090
2018,7,11.745,11.38,11.157,10.472,10.492,9.828,9.106,10.243,2.274,1.329,0.223,0.722,,,8.188,0,STND,9444090
2018,8,11.715,11.341,11.156,10.509,10.514,9.873,9.318,10.329,2.023,1.283,0.185,0.555,,,8.458,0,STND,9444090
2018,9,11.452,11.226,11.113,10.492,10.507,9.901,9.388,10.307,1.838,1.212,0.113,0.513,10.64,4.4,8.778,0,STND,9444090
2018,10,11.552,11.284,11.192,10.544,10.562,9.932,9.377,10.331,1.907,1.26,0.092,0.555,,,8.943,0,STND,9444090
2018,11,11.822,11.418,11.263,10.573,10.584,9.904,9.273,10.345,2.145,1.359,0.155,0.631,,,8.587,0,STND,9444090
2018,12,12.328,11.649,11.403,10.712,10.707,10.011,9.337,10.493,2.312,1.392,0.246,0.674,,,8.474,0,STND,9444090
2019,1,12.038,11.612,11.472,10.704,10.701,9.931,9.298,10.455,2.314,1.541,0.14,0.633,,,8.337,0,STND,9444090
2019,2,11.75,11.469,11.319,10.648,10.636,9.952,9.353,10.411,2.116,1.367,0.15,0.599,,,8.496,0,STND,9444090
2019,3,11.504,11.234,11.147,10.515,10.526,9.904,9.356,10.295,1.878,1.243,0.087,0.548,,,8.825,0,STND,9444090
2019,4,11.542,11.292,11.177,10.546,10.563,9.949,9.422,10.357,1.87,1.228,0.115,0.527,,,8.829,0,STND,9444090
2019,5,11.661,11.356,11.17,10.51,10.531,9.892,9.283,10.319,2.073,1.278,0.186,0.609,,,8.655,0,STND,9444090
2019,6,11.529,11.327,11.083,10.421,10.456,9.828,9.043,10.185,2.284,1.255,0.244,0.785,10.41,4.3,8.451,0,STND,9444090
2019,7,11.652,11.397,11.189,10.466,10.474,9.76,9.035,10.216,2.362,1.429,0.208,0.725,,,8.346,0,STND,9444090
2019,8,11.659,11.335,11.177,10.475,10.487,9.797,9.145,10.24,2.19,1.38,0.158,0.652,,,8.416,0,STND,9444090
2019,9,11.493,11.276,11.185,10.545,10.558,9.93,9.428,10.352,1.848,1.255,0.091,0.502,,,9.005,0,STND,9444090
2019,10,11.47,11.231,11.104,10.46,10.482,9.86,9.259,10.245,1.972,1.244,0.127,0.601,10.5,4.42,8.5,0,STND,9444090
2019,11,11.693,11.343,11.181,10.485,10.509,9.837,9.14,10.242,2.203,1.344,0.162,0.697,,,8.471,0,STND,9444090
2019,12,11.926,11.6,11.38,10.67,10.717,10.054,9.222,10.411,2.378,1.326,0.22,0.832,,,8.601,0,STND,9444090
2020,1,11.996,11.662,11.485,10.746,10.737,9.989,9.358,10.51,2.304,1.496,0.177,0.631,,,8.498,0,STND,9444090
2020,2,11.633,11.336,11.177,10.5,10.463,9.75,9.236,10.286,2.1,1.427,0.159,0.514,,,8.357,0,STND,9444090
2020,3,11.495,11.259,11.154,10.498,10.479,9.805,9.337,10.298,1.922,1.349,0.105,0.468,,,8.829,0,STND,9444090
2020,4,11.485,11.225,11.102,10.438,10.459,9.815,9.205,10.215,2.02,1.287,0.123,0.61,,,8.66,0,STND,9444090
2020,5,11.59,11.386,11.197,10.532,10.555,9.912,9.217,10.302,2.169,1.285,0.189,0.695,,,8.47,0,STND,9444090
2020,6,11.673,11.398,11.155,10.468,10.489,9.823,9.094,10.246,2.304,1.332,0.243,0.729,,,8.401,0,STND,9444090
2020,7,11.667,11.425,11.202,10.466,10.468,9.734,9.04,10.232,2.385,1.468,0.223,0.694,,,8.392,0,STND,9444090
2020,8,11.558,11.352,11.188,10.478,10.48,9.771,9.147,10.25,2.205,1.417,0.164,0.624,,,8.626,0,STND,9444090
2020,9,11.554,11.272,11.172,10.521,10.529,9.885,9.369,10.32,1.903,1.287,0.1,0.516,,,8.953,0,STND,9444090
2020,10,11.608,11.254,11.112,10.482,10.491,9.87,9.362,10.308,1.892,1.242,0.142,0.508,,,8.598,0,STND,9444090
2020,11,12.199,11.451,11.271,10.579,10.598,9.925,9.252,10.352,2.199,1.346,0.18,0.673,,,8.55,0,STND,9444090
2020,12,11.91,11.526,11.345,10.572,10.553,9.762,9.079,10.303,2.447,1.583,0.181,0.683,,,8.221,0,STND,9444090
2021,1,12.081,11.628,11.466,10.692,10.675,9.884,9.204,10.416,2.424,1.582,0.162,0.68,,,8.481,0,STND,9444090
2021,2,11.759,11.394,11.254,10.548,10.534,9.813,9.249,10.322,2.145,1.441,0.14,0.564,,,8.561,0,STND,9444090
2021,3,11.651,11.274,11.165,10.496,10.47,9.775,9.338,10.306,1.936,1.39,0.109,0.437,,,8.836,0,STND,9444090
2021,4,11.58,11.235,11.076,10.4,10.424,9.772,9.136,10.185,2.099,1.304,0.159,0.636,,,8.398,0,STND,9444090
2021,5,11.836,11.297,11.118,10.408,10.446,9.774,9.003,10.15,2.294,1.344,0.179,0.771,,,8.144,0,STND,9444090
2021,6,11.809,11.429,11.186,10.486,10.513,9.84,9.044,10.236,2.385,1.346,0.243,0.796,,,8.134,0,STND,9444090
2021,7,11.678,11.416,11.181,10.478,10.473,9.764,9.124,10.27,2.292,1.417,0.235,0.64,,,8.252,0,STND,9444090
2021,8,11.566,11.358,11.22,10.5,10.48,9.741,9.221,10.29,2.137,1.479,0.138,0.52,,,8.604,0,STND,9444090
2021,9,11.422,11.247,11.158,10.498,10.474,9.79,9.304,10.276,1.943,1.368,0.089,0.486,,,8.866,0,STND,9444090
2021,10,11.907,11.39,11.258,10.604,10.604,9.951,9.396,10.393,1.994,1.307,0.132,0.555,,,8.72,0,STND,9444090
2021,11,11.924,11.547,11.356,10.654,10.666,9.977,9.328,10.438,2.219,1.379,0.191,0.649,,,8.562,0,STND,9444090
2021,12,11.934,11.71,11.479,10.728,10.705,9.931,9.247,10.479,2.463,1.548,0.231,0.684,,,8.049,0,STND,9444090
2022,1,12.3,11.631,11.455,10.633,10.583,9.711,9.089,10.36,2.542,1.744,0.176,0.622,,,8.405,0,STND,9444090
2022,2,11.574,11.272,11.147,10.407,10.421,9.694,9.058,10.165,2.214,1.453,0.125,0.636,,,8.239,0,STND,9444090
2022,3,11.507,11.289,11.195,10.509,10.517,9.839,9.286,10.287,2.003,1.356,0.094,0.553,,,8.843,0,STND,9444090
2022,4,11.706,11.326,11.166,10.489,10.48,9.794,9.292,10.309,2.034,1.372,0.16,0.502,,,8.734,0,STND,9444090
